-- phpMyAdmin SQL Dump
-- version 5.2.0
-- https://www.phpmyadmin.net/
--
-- Host: 127.0.0.1:3306
-- Generation Time: Apr 30, 2023 at 08:52 PM
-- Server version: 8.0.31
-- PHP Version: 8.0.26

SET SQL_MODE = "NO_AUTO_VALUE_ON_ZERO";
START TRANSACTION;
SET time_zone = "+00:00";


/*!40101 SET @OLD_CHARACTER_SET_CLIENT=@@CHARACTER_SET_CLIENT */;
/*!40101 SET @OLD_CHARACTER_SET_RESULTS=@@CHARACTER_SET_RESULTS */;
/*!40101 SET @OLD_COLLATION_CONNECTION=@@COLLATION_CONNECTION */;
/*!40101 SET NAMES utf8mb4 */;

--
-- Database: `ppweb`
--

-- --------------------------------------------------------

--
-- Table structure for table `applyy`
--

DROP TABLE IF EXISTS `applyy`;
CREATE TABLE IF NOT EXISTS `applyy` (
  `cin` varchar(10) DEFAULT NULL,
  `codeoffre` int NOT NULL,
  `statu` varchar(20) CHARACTER SET utf8mb4 COLLATE utf8mb4_0900_ai_ci DEFAULT 'en attent',
  `time` timestamp NOT NULL DEFAULT CURRENT_TIMESTAMP,
  KEY `codeoffre` (`codeoffre`),
  KEY `cin` (`cin`)
) ENGINE=MyISAM DEFAULT CHARSET=utf8mb4 COLLATE=utf8mb4_0900_ai_ci;

--
-- Dumping data for table `applyy`
--

INSERT INTO `applyy` (`cin`, `codeoffre`, `statu`, `time`) VALUES
('45645623', 62, NULL, '2023-04-24 19:59:33'),
('45645623', 46, NULL, '2023-04-24 19:59:33'),
('45645623', 53, NULL, '2023-04-24 19:59:33'),
('12312356', 62, NULL, '2023-04-24 19:59:33'),
('65431890', 62, NULL, '2023-04-24 19:59:33'),
('12345678', 72, 'refuser', '2023-04-30 20:06:43'),
('12345678', 73, 'en attent', '2023-04-30 20:06:40'),
('78996324', 73, 'en attent', '2023-04-30 19:55:55'),
('78996324', 74, 'en attent', '2023-04-30 20:36:33'),
('78996324', 72, 'refuser', '2023-04-26 19:34:57');

-- --------------------------------------------------------

--
-- Table structure for table `comp_dem`
--

DROP TABLE IF EXISTS `comp_dem`;
CREATE TABLE IF NOT EXISTS `comp_dem` (
  `cin` varchar(10) NOT NULL,
  `code_comp` int NOT NULL,
  KEY `cin` (`cin`),
  KEY `code_comp` (`code_comp`)
) ENGINE=InnoDB DEFAULT CHARSET=utf8mb4 COLLATE=utf8mb4_0900_ai_ci;

--
-- Dumping data for table `comp_dem`
--

INSERT INTO `comp_dem` (`cin`, `code_comp`) VALUES
('12378945', 1),
('12378945', 2),
('12378945', 3),
('12378945', 1),
('12378945', 1),
('50028128', 1),
('50028128', 2),
('78996324', 1),
('78996324', 2),
('12345678', 1),
('12345678', 2),
('12345678', 3),
('12345678', 4);

-- --------------------------------------------------------

--
-- Table structure for table `comp_offre`
--

DROP TABLE IF EXISTS `comp_offre`;
CREATE TABLE IF NOT EXISTS `comp_offre` (
  `code_offre_emp` int NOT NULL,
  `code_comp` int NOT NULL,
  KEY `code_offre_emp` (`code_offre_emp`),
  KEY `code_comp` (`code_comp`)
) ENGINE=InnoDB DEFAULT CHARSET=utf8mb4 COLLATE=utf8mb4_0900_ai_ci;

--
-- Dumping data for table `comp_offre`
--

INSERT INTO `comp_offre` (`code_offre_emp`, `code_comp`) VALUES
(46, 2),
(46, 3),
(53, 1),
(62, 2),
(62, 3),
(62, 5),
(63, 1),
(63, 2),
(63, 4),
(72, 1),
(72, 2),
(73, 1),
(73, 2),
(73, 4),
(74, 1),
(74, 3);

-- --------------------------------------------------------

--
-- Table structure for table `cv`
--

DROP TABLE IF EXISTS `cv`;
CREATE TABLE IF NOT EXISTS `cv` (
  `cin` varchar(10) NOT NULL,
  `nom` varchar(20) NOT NULL,
  `prenom` varchar(20) NOT NULL,
  `pseudo` varchar(30) NOT NULL,
  `mdp` varchar(30) NOT NULL,
  `photo` mediumblob NOT NULL,
  `datenaissance` date NOT NULL,
  `etatcivil` varchar(20) NOT NULL,
  `adresse` varchar(40) CHARACTER SET utf8mb4 COLLATE utf8mb4_0900_ai_ci NOT NULL,
  `num` varchar(8) NOT NULL,
  `email` varchar(30) CHARACTER SET utf8mb4 COLLATE utf8mb4_0900_ai_ci NOT NULL,
  `universite` int DEFAULT NULL,
  `experience` int NOT NULL,
  PRIMARY KEY (`cin`),
  KEY `universite` (`universite`)
) ENGINE=InnoDB DEFAULT CHARSET=utf8mb4 COLLATE=utf8mb4_0900_ai_ci;

--
-- Dumping data for table `cv`
--

INSERT INTO `cv` (`cin`, `nom`, `prenom`, `pseudo`, `mdp`, `photo`, `datenaissance`, `etatcivil`, `adresse`, `num`, `email`, `universite`, `experience`) VALUES
('12345678', 'perez kerch', 'perez kerch', 'messi', 'AAaa123', 0x70657373692e6a7067, '2023-04-26', 'widowed', 'AA', '12345678', 'aaa@gmail.com', 1, 5),
('12378945', 'luis', 'suii', 'suarez', 'AAaa123', '', '2023-04-26', 'divorced', 'brazil', '12345698', 'aaa@gmail.com', 20, 2),
('50028128', 'DIMARIA', 'ANGEL', 'di', 'AAaa123', '', '2023-05-04', 'married', 'psg', '12345678', 'aaakk@gmail.com', 18, 10),
('78996324', 'karim', 'benzima', 'benzema', 'AAaa123', '', '2023-05-11', 'married', 'real', '78945612', 'aaakl@gmail.com', 1, 8);

-- --------------------------------------------------------

--
-- Table structure for table `diplome`
--

DROP TABLE IF EXISTS `diplome`;
CREATE TABLE IF NOT EXISTS `diplome` (
  `id` int NOT NULL AUTO_INCREMENT,
  `diplome` varchar(50) NOT NULL,
  PRIMARY KEY (`id`)
) ENGINE=InnoDB AUTO_INCREMENT=26 DEFAULT CHARSET=utf8mb3;

--
-- Dumping data for table `diplome`
--

INSERT INTO `diplome` (`id`, `diplome`) VALUES
(1, 'Bachelor of Arts (BA)'),
(2, 'Bachelor of Science (BS)'),
(3, 'Master of Business Administration (MBA)'),
(4, 'Master of Science (MS)'),
(5, 'Master of Arts (MA)'),
(6, 'Doctor of Philosophy (PhD)'),
(7, 'Master of Laws (LLM)'),
(8, 'Master of Public Health (MPH)'),
(9, 'Master of Social Work (MSW)'),
(10, 'Master of Engineering (MEng)'),
(11, 'Master of Architecture (MArch)'),
(12, 'Master of Fine Arts (MFA)'),
(13, 'Master of Music (MM)'),
(14, 'Master of Theology (MTh)'),
(15, 'Master of Occupational Therapy (MOT)'),
(16, 'Bachelor of Science in Computer Engineering (BSCPE'),
(17, 'Master of Fine Arts in Film Production (MFAFP)'),
(18, 'Bachelor of Arts in Communication (BAC)'),
(19, 'Master of Journalism and Mass Communication (MJMC)'),
(20, 'Master of Veterinary Science (MVSc)'),
(21, 'Bachelor of Dental Surgery'),
(22, 'Bachelor of Architecture (BArch)'),
(23, 'Bachelor of Medicine and Bachelor of Surgery (MBBS'),
(24, 'Master of Education (MEd)'),
(25, 'Bachelor of Nursing (BN)');

-- --------------------------------------------------------

--
-- Table structure for table `diplome_dem`
--

DROP TABLE IF EXISTS `diplome_dem`;
CREATE TABLE IF NOT EXISTS `diplome_dem` (
  `cin` varchar(10) NOT NULL,
  `code_dip` int NOT NULL,
  KEY `cin` (`cin`),
  KEY `code_dip` (`code_dip`)
) ENGINE=InnoDB DEFAULT CHARSET=utf8mb4 COLLATE=utf8mb4_0900_ai_ci;

--
-- Dumping data for table `diplome_dem`
--

INSERT INTO `diplome_dem` (`cin`, `code_dip`) VALUES
('12378945', 1),
('12378945', 1),
('12378945', 1),
('50028128', 1),
('78996324', 1),
('12345678', 1);

-- --------------------------------------------------------

--
-- Table structure for table `employeur`
--

DROP TABLE IF EXISTS `employeur`;
CREATE TABLE IF NOT EXISTS `employeur` (
  `entreprise` varchar(20) NOT NULL,
  `nom` varchar(20) NOT NULL,
  `prenom` varchar(20) NOT NULL,
  `coderegistre` varchar(20) CHARACTER SET utf8mb4 COLLATE utf8mb4_0900_ai_ci NOT NULL,
  `email` varchar(20) NOT NULL,
  `pseudo` varchar(20) NOT NULL,
  `mdp` varchar(20) NOT NULL,
  PRIMARY KEY (`coderegistre`),
  UNIQUE KEY `email` (`email`),
  UNIQUE KEY `pseudo` (`pseudo`)
) ENGINE=InnoDB DEFAULT CHARSET=utf8mb4 COLLATE=utf8mb4_0900_ai_ci;

--
-- Dumping data for table `employeur`
--

INSERT INTO `employeur` (`entreprise`, `nom`, `prenom`, `coderegistre`, `email`, `pseudo`, `mdp`) VALUES
('toyota', 'ferfer', 'oubaid', '123345', 'rami.m3alm67@gmail.c', 'oubb', 'AAaa123'),
('WAA', 'SAHBI', 'LUIS', '1234', 'aaa@gmail.com', 'aa', 'AAaa123'),
('ee', 'ayoub', 'chhh', '12345', 'crami@BB.com', 'rami', 'azerty'),
('lg', 'don', 'hain', '123456789', 'eaae@gmail.com', 'jhon', 'AAbb123'),
('perez', 'perez', 'donn', '1235', 'madd@gmail.com', 'maddouri', 'AAaa123');

-- --------------------------------------------------------

--
-- Table structure for table `employeur_offre`
--

DROP TABLE IF EXISTS `employeur_offre`;
CREATE TABLE IF NOT EXISTS `employeur_offre` (
  `code_reg_comm` varchar(20) NOT NULL,
  `code_offre_emp` int NOT NULL,
  KEY `code_reg_comm` (`code_reg_comm`),
  KEY `code_offre_emp` (`code_offre_emp`)
) ENGINE=InnoDB DEFAULT CHARSET=utf8mb4 COLLATE=utf8mb4_0900_ai_ci;

--
-- Dumping data for table `employeur_offre`
--

INSERT INTO `employeur_offre` (`code_reg_comm`, `code_offre_emp`) VALUES
('123345', 72),
('1235', 73),
('123345', 74);

-- --------------------------------------------------------

--
-- Table structure for table `img`
--

DROP TABLE IF EXISTS `img`;
CREATE TABLE IF NOT EXISTS `img` (
  `cin` varchar(10) CHARACTER SET utf8mb4 COLLATE utf8mb4_0900_ai_ci NOT NULL,
  `dataa` longblob NOT NULL,
  `name` varchar(100) NOT NULL,
  `size` int NOT NULL,
  `typee` varchar(20) CHARACTER SET utf8mb4 COLLATE utf8mb4_0900_ai_ci NOT NULL,
  `create_time` timestamp NOT NULL,
  PRIMARY KEY (`cin`)
) ENGINE=InnoDB DEFAULT CHARSET=utf8mb4 COLLATE=utf8mb4_0900_ai_ci;

--
-- Dumping data for table `img`
--

INSERT INTO `img` (`cin`, `dataa`, `name`, `size`, `typee`, `create_time`) VALUES
('12378945', 0xffd8ffe000104a46494600010101000000000000ffe1002e4578696600004d4d002a00000008000240000003000000010044000040010001000000010000000000000000ffdb0043000a07070907060a0908090b0b0a0c0f19100f0e0e0f1e161712192420262523202322282d3930282a362b2223324432363b3d4040402630464b453e4a393f403dffdb0043010b0b0b0f0d0f1d10101d3d2923293d3d3d3d3d3d3d3d3d3d3d3d3d3d3d3d3d3d3d3d3d3d3d3d3d3d3d3d3d3d3d3d3d3d3d3d3d3d3d3d3d3d3d3d3d3d3d3d3d3dffc0001108013c01da03012200021101031101ffc4001f0000010501010101010100000000000000000102030405060708090a0bffc400b5100002010303020403050504040000017d01020300041105122131410613516107227114328191a1082342b1c11552d1f02433627282090a161718191a25262728292a3435363738393a434445464748494a535455565758595a636465666768696a737475767778797a838485868788898a92939495969798999aa2a3a4a5a6a7a8a9aab2b3b4b5b6b7b8b9bac2c3c4c5c6c7c8c9cad2d3d4d5d6d7d8d9dae1e2e3e4e5e6e7e8e9eaf1f2f3f4f5f6f7f8f9faffc4001f0100030101010101010101010000000000000102030405060708090a0bffc400b51100020102040403040705040400010277000102031104052131061241510761711322328108144291a1b1c109233352f0156272d10a162434e125f11718191a262728292a35363738393a434445464748494a535455565758595a636465666768696a737475767778797a82838485868788898a92939495969798999aa2a3a4a5a6a7a8a9aab2b3b4b5b6b7b8b9bac2c3c4c5c6c7c8c9cad2d3d4d5d6d7d8d9dae2e3e4e5e6e7e8e9eaf2f3f4f5f6f7f8f9faffda000c03010002110311003f00f21a4c52e28c53105276a7e28c500339a5a7629b40051451400514b834b8a006d14ec53714007b514514005145005001453f14628019e9ed453b14da002979a418a2800fad1451400514f4467e02927191c75a725bc8e37046231c60668022a2ac258dcbe36c32104e010a79abb2786f50411b2c0cc8e3a8ed45d0ecccaa771573fb22ef7b2792fb97a8228934cb88903b2315c7271d28ba0b147d68a964b792324329e064e3b535d3663ae48c9a0430d1451d7fa50014b9349450014bcd25140051453a800a29b4ea0028a28e2800a6f5a28a005e6928a280179a4a28a0028f5a28a0028a29d40586d14514007ad14514c075371ec68a77e1fad0018a7014a40cd2814806e0d2e29e052eca064445262a5282936500478a306a4d94bb79a008c253b653c2f3d29fb45171d883148454b8a694a04478a5c52e314b4086628c74a7e297140c6814b8a76ca307d280198a422a4d94c3fd680198a29c69281095a3a7692f72733068e33d188c67f3aa5085f317702467902bb4d16269a1f39a1088a382e3ad26ec8a8abb196f6516989bc8576c6470066abcba95e173e5b4281867692062aa6a72992e482eec4f4c9c63f2aa1b1739562580c106a12beacb6d2d11a4356d42127f7c84376ce6ab1d62ff00ccc89999c1c806aa99081c91b4f1c9c520ce72ac09ebc1a7613668c9af5df93fbc460d9ce4718a92d757695c79d91167041e87eb59fe5b181a4566dca3255b9cd4281a4b5f3149c0936baf6e68b215d9bf75145a9c21d408fcae70a3ef0f4ae66f6394cc731807b0415a9617e2d77c65f72a9042138ab91de69b7ced198cdbcadc16ce4134d3b6e2b5ce59d191883d47519ce29b8ad0d4f4e9ece425ff00d5b1e1bd6a8e2a93b936b0da29fb28c50033147ad3e8c500329d452e280100a5c53c0a5c50047834952919cd348a008a979a76ca5c50047453f1460d00328a900a5db4011518a90a0a4c5002014ec52814ec500478a423152114d714011d14ea050018a3069c052e298587114e0297666a544a430098a5c0a7018ed4b8a06445297671ef530418a690290116cfca80a38fa53cd1400dc518a3b9a70a004d9d68299c7eb4ea5a00ac63eb4d298ab7b334c318a6057c53b14a53068ebc5310f44cd3bcbef8a58c74e6a4c521a212950ba55971511031d2840cae4525484520da0f3d3da824d1d02c16fafc7981bca4e643d80ff3dabb0d4ae96db4d6c232861b531d71ec3fad57d0e18acb448c046592e32c54f24d375724698f2cc15a5e8a01c62b26eecda2acae7293798e3700c327380739a851d8e038c1cf534bf69c9fba704e7ad049990283b5c72323ad590484458c363d39a3c919185217fbc074a8a27619575048fc29c2e1a37f94919eaa78a045bb57585c862595860e4669760866f94fee98156c743ffeaaa325cb67381f51c547f6a6cf4c83d41ef4ac55c492392299c31f9b3839e734b6e4f9c0c9f30ee0d4ce7cdc1c7cd8e7351c4804c01e3d29dc96ac74110fb6d979430c5412a1be6c573f710f9733263054e08f4ad8b094c6fe60ebd08e98aafab04374cc000cc3391c6685a31bd4ccd948454d8a36f535449588228a7b834ceb4084a701494e14c0701d29714e0334ec52191e3ffad46ccd498a5c53020c518a791cd262801b8a3653b1520031f4a0088276a5c53f1cd3c252021294dd956765348a00882714b8a9314b8a60438a422a6c53081401011cff00852814e283d29c128b0866297654812976ff009c5031e82a50298073c5483a522ec2e29bcd3f1f4a42290ad61d4c34b9a693400c7ef4dde0114e38e6a0279a6908932323f4a905571534678a1a0448052814839fa548290ec14c229e6a3269a131920a8d073529a409cd021e833daa4e714d0314fe2a4a2223351b81cd4c4531c678a684d1548a070e0e380738f5a94c74cda6988eba1bdfb4488ace4855c7c9c76e9f4a5d45e2be882152c157e5553803dcd65e9cfb34ddbb0fde20b038c03d7fc2a696e962015062475c2f19c2fafe3593566689987731ac5261402b9e08ef5114c727d7f2ae9bfb2d45997914cb70e30001c27ffaab124b526608325c70063a7bd3b8d46fa9501cf505b1d323a53c5b49370aac7d06335d0e93e1f9352206556353f331ef5db597872d6cd01d8a587438a97348b8d16f5679c59f85b51bc1f240d83d09ad08fc07a813f302369c926bd5e18638a30155411e829c5010791d2a5cdf4358d28f53cbe3f09491fcaf9c83c1accbcd225b1bc1be318cf52319af569625dfcfae6b94f1859936de7a8fbac338a98cdb76639d34968730e8b1c248c640ce7a552d45964d8ca0676e091de9448d22321e84f5aaf711b46421ec33f5ae85b9c6c84529a36506a84886414cc53df3494058662947bd2e297140587a1a92a200d4a2800f5a4ef4ec53825310d03347975284c5181d28021282933daa522a171400a064d4a054718e6ac802931a198a638a9c8ed5111420632939f6a53c66999e6a92b92d8ee4d214c9a514e14de8033cb1e9404c54c052eda9b8218053b03d28c629f8f6a572ec0529b8ab0539a8dea4b19914a7d699914b914c9634d27ad2b9a66699231cd45d6a6351814c4382714f02940c53b02931881f14f0f509cd01cff85160b931391d69b9a6efcd213f5a0009f7a72547c5283cd0226069726981f3528a4520a6e2a4c51d690321294d23d2ac6074a63e3a9f5aa4c459b799fec71c518545049724f5ad01117b50ef22bc8cc1411ce14559d5ac2cded4dd69900822551ba2c963f8fb8a340852e72841210e4e7bd64da7aa3570706ae6d796bfd9252304328c6e23d7a9f6ac586d56493ca817e427124bd73f4aeba5b7b6874991ee2444dc36852705bffac2b263bdb31f206503a0c5672b9bd3b752fe936f1db809180141c7d6b7480538fe75810dca4582aca47a8ad686fe3d9c9e951ea6eecf634632a53f0a0ee1e98c71504779107c13d6a59250fc28ce470450848824e48c8fad626b853ec130619007e55b8f1b1c9eb8e6b2f51b6f3a09a161c48b807d2a6ed3096a9a47975cbac63e53c3738cf4a8a590c8e189ce5696eacdd2ebecdf79d64d831deb77c41e175d0f4ab199e666b997878c81851ed5d716ae8f3f91b4df639f1486971414ff000ab251191f9533666a6d94a13f5a0a488f651b2a5c52639a02c204a780052814bb0d0489c54805300c53c66800a31ed4ec518a2e162322a374fe753918cd4740586463d6a6e69a89cd4d818cd0c06f6a69c60d3f14d38dbfd68132bc9c7350e71534bd2a1aa422406a44c66a143f5a9939a182274c53b6530629fbea59511845263da9e4d2647a1a92c99f8351483ad38bd44e6806c8fa52134d77151992a886ee39dcd3734c2e78f5a4cd0225ff0038a503d6a2079a9931f8d021d4a0d263f95071c50023d47cf5a79351d0317269734629bfe340053fbd2638a01a603c715225479fe54e078a4344d9a7015083daa68ff9d268076ca6ba6703d4e2a4e38a41b4cc80f20b004521a37a58dac7ca8e48888e76662cdd8745fc0e0fe753782ad5bedb79c13184c03e9cd4bad69d77785a556dd1b28c2e790074fcab7b41862d2b4911918b8980690939c77ff0ac20f568eeaf1764ce53c5d72e6f762eef2e3181835c9cb7b2a02ca1b03b9af45bab05b9b92c5415278c8aa8fa1ba195561496297aa91fa5526ba983837b3387b7d62f132caed8cf39ae9fc3dab4fa8c8d0e77391c0ab72f86ada48c446d52219ce149a9fc39a64165ace2dd400383ce7344ed6d0708c935764daf6a33e95e5175d858719e2b3bfe160b470aaae15bfbc4575de2ad023f1043140cc51d3255857183c00e098a76760a782bc54452ea69273be84f6de369a6200954367924e335d2d86a2f7b18f380c9e8477a8ac3c1b6925b470cf6aa228c7048e4d6c45a441a6c0238536aaf4ef8a52496c09bea725a0e868fe21be9ae10bb452e63523a9ffeb51e368a5f26e24b8392d2c62327d307a56ddee9979737a6e34f904614664c1c1cd62f8d5261a3590b870cfe71e41ebc7f4a20db9a2dae5a4daea712128d9eb4f34a066bacf3d0dda29a454847b5446905c08a6ecf4a78a3140db1d1a74e2a4d9e94478a7804f4a2e219b39a0a55811669e61a00a7d314549247d6a2208e450524c46a8ff88d49cd30e0500d12262a415083ef4e0e6815879a8cf14e2feb51139a10991486a1c75353382714c22ad3248f9a96373519e6901c5005a0f4bbea204e0669db854d8a4499a4c9f5a6e451bc7f91458ab9339aaf23f5ab520aa928a1225b2177cd479a0f19cd369923b27d68cd3296900f06a40f5064d381a06590fef417eb5007a09a009739a51ed50e7a53b3401250bd7f0a6668cd004a6998a5147f9140f7141ed4e14de69c280b0e4a9d0d57a9a3cd0d124b9a69eb9f43914e1484549713bcd1e5375a7bde331f215321bfbadd0a9f6ea6ab457cb2dccd18915ca10df21c8e78ff000ae4edefe5b681e0dcc6163b8ae7183eb5d1e8b62b269efa93120c80c6aa063007f8d64e3677475ba978d997c5e8c8427b66b421b82ebf2f3f85727792b0badca786e40f4ad4b0bc3900feb50d3e83834f465fd4643140cff2e48e48a7e8163e5436d7ac496b87240cf45154b54bdb648d0de48d1db9601994648ad2b6d56c66bcb416b2afd9a18c2a8f6ff1a6b6bb3456e6491bb727f78ae0f41f954a856401fa3ff7877aa37fab585a5b79d7170b1a01f78faf6a8ec7518ae638e7b762f049f75b18cd46cf429a4d1ae93300030fc6aade5c820f3d289263b3f9564de4cc495f6e69364592d4d0d31cc90ce77285638639e9ff00d735c578feeb7dedb59f1ba25de40ed9edf5a13c51676fbdcdbb9b85621590e377d6b97bebd96fef64bab839924393ededf415bd283bdda31ad557272a7b90d38547ba8cd6cd1c971e4d478a3340a4314631466969b4864c993f4ab31027ad568eae458205311220a980fe54d03bd3c702932a28ad3462aaba62b424e6ab4a3f3a0d524533804d46feb524839350935491325601cd3b34da2aac412669beb4dcd19a56258879a6115213ff00eba4c52021229a41a948e69314c422669dcd281ed4b8a043093fe347987da948a6e3daaac172e487ad5692ac9155e4152865492a3a9a4fbb5077a1885a5a4a2900b45145030c9a5c9a4a2810a0d381a6528a00933d68cfff005a999a5cd318e06a406a0a78340d12834fcd4009a901ec68287d3e37c1a8e9c99fd6912d164134134d4f4a52690d0dcd75da05d18bc348587eed6e4a939ec47f4ae448eb5d468f6eefe0e98e0e1ee0b293df0054bd8d23abb09716bc4a49c957c0a95c1b7914b0f948ce6abc579f6ab52e39641b181f51d0fe3d28b9bd5b98632b83b97001e2b3b169d9dc7eac21d46c3c92c73f781f7ae46de5b8b6ba16e1cae1b00fa56bbdb6a01c3662897f8413bb356a2b6bd91d1fec36f3bafe1ba9ab24369cda6b43434711de5aa497e8b2a2b6017e6bb2865b636a90c4155546554718ae76c62d4e3041d3ed2280f2033f2bf95325b0d6a3b917303db3459c951918fa543367748e90dc288cfa8ea2b32f2e163b59ee1b036a123352c972b2246a481211f30e98ae57c55ab2e05840c7a8690ff215318b6ec44e764738493cf73cd479cd217f7a6d77238470a33499ea69a4f6a4c05cd480d463ad499152ca404d1499a7d218e43d2ac44f8aab4a926cc50266a23e714fcd518e5e99a9c4a2934545d89cf4aad33f5a73cbc55592426958d5318fce7f3a81c5485ea3357121c84a4cd239a407b5684dc7d1480fad152c1ea3a909a2822a09187f5a720e94d239a910702a8418a5c54807e548463fa502227ef4cc8a95c53368f4aa132c918a825e9533907355dc939a828ad267f0a8bbd59284d44f1919a604545388a4c5200a28a298051494b484029692945002d1453a980de7ad2834b8a4c5031d9fad2e6900340ff3ed4c7725424e054e9d05574a9d0d4b1928ef4bde9d6f0cb75308a08da495ba2a0cd5bfb1ac3224721496763810a3642ffbcc3f90a6a0dabf41dd6c47a769b3eaf7f1da5aa9691cf27b28f53e8057a16a50c561a35bdadb81e544bb57d4fa9fa9e4d416125a69ba6ac3631aa3bae657c6199bfc07a541a9dc79b6702824e14e4fe358b927a23a234dab3671f2dc36937e6500b4128c48bfe7b8a97ca512130b6e8a61e6478ecdff00d7156af6d45cc6463903918ac0b5bd934eb930c8c7c9dd953d76ff00f5a92d48a8b959bbb1ee42eddcb918393d2a33a6eb96efbacfcc953a8dbda9bf6e4864570ea636f9860d6d59ebe6285a4470eaa32541cd2774542cfad834ab6d69c06bedc8b9e01ada90c91a00646c7702aa69bafc7750336e393ce09e94d9af8dc1115b8dd21eb8ed50cd1bb2d1dc7a00f21551d79663cd705ac5d0b9d62e5c6301b68c7b715de5ecaba769534a48dc88496f56af3508c7e63924f24e739ad6947766155e890a4934a0fad18a5c7b56f730129bcf34fc669db295c06a75a7d18a290c334a09a31471400134d0734a6900342026426a50f5101ffd6a5e4521a26cf150c848a76fa639f5a436c889eb467ad37bd07a551371ae4d267da8229b55701e0d39064d3304d4c82a585c902034ef28d3a3152814202b184ff9ef40422ad98fd2a331d3023148f8a9361fc298e290885cd379f6a592a3e6988b2fd2a3033529a441525db51be5d42f155bc714d31e69a0b19e63e79cd1e59ab862f6a5f28502b140c7ed4d29e82ae98b9e94d317b50053c53b613521888a704c50220d9460d4fb3f5a66ca006814e0292a44a0690dc50454c13ffad4a528b956201486a42314891bcb208e346676380a0649a7b92d00e2ad442244124e4919e234382dfe02aca58c3630996e97ceb8e42c20fcaa7dcf723d0566cb9407248c9c9f7ad6105bb1c9492bb468dbeaf308e48edf6c319246d418c8f73dea08a6686749979643b803deaa45bb036838ce70074a9f9e98e6ba56b1b19decee8f44b1922bfb28ee60e518648f43dc7e159b35c1491ed9c1f94e54d60689adcfa3dc9c65eddcfef22f5f71ee2ba0ba30dece2e2da4578dc7de1dbebef5e654a2e9cbc8efa7554d6bb9010783dc0cfa5626b7a72c9199e31861c951deba12081f37e354ee63f36364c75a84f51ce37471692320c0e5739c1a963b878c7048cf1c1ab12e9d2f9e540ea7b5472594b11c1527f0eb57747259a762ee930cb7b31512b20cf20719aee2ca24b581228d40663f31ce49fa9ae2f458674b90532a3bd76d6b1e101624b1e49359336a68cdf184cc9a647129e649067df15c5cb6d2c6a2400ed23391daba2f174c5f5086304ed58b2467b93ffd6ac9f3188310ca8e99c6735e9e1a9a74d5fa98567ef7a15ed51aeb2a0012819c7aff00f5e892378b87565e71c8eb408a5b6903a82083c30e95d15bca97d6639009e194f2335956a6e9ebd0ecc2d0862938a7692fb99cd8a766b4ae74e111398c85f5438aa72dab000c67783d463915829262ad80ab495dabaf22026814da70354720a6999eb4e734c1d6801e053c25082a402908021a5da69e82a5d83bd22ac562314d7153c882a222844b2be28c53c8a4f4aa10c294d295252e0531a43512ac4682a100835662a43b134719a942524638a900c63d0d03b09b3151ba8cd5838c544dde8158888e2a122a7207ad4647145c562a38a6f9753bd328b8ac19eb4e4355c3d488682f42c0ff00eb5380a6c6735300290c4f2e9be5f5e2a70334ff002e8b88a463e690c40d5c31f5a614c5224a3247ed5094abee99155dd2a84562319a422a423ad34d034438a950533bd4a9ff00eaa4cb88f02823d6a58a19a51ba389d973d40c8ad4b5d32da2c49a94dbbb8b784e49ff0079bb0fa7349bb1b4294a6ec919b65a6dc6a321102e234199256e1631ea4ff4ada8ededb48b28dadd897b80775c30e4a8ec83b03eb51dfead9b6fb2c0ab15ba9c8863185fc7d6b34cd2dcedf30e428c2af6152e4fa1e9d0c2460eef564e6412bb3aa80aa303d85644c867baf973b49cd5eb89308224fc714a2111c0481f38e6ae8cad357d8ac6d1f694dc62b6d48642b6f1ec4ea4638a8c0283736d51e84e49a6396273d4d2a425ce5d89af577d8f9cd89930e38e4f5c54b6d713594c2481beaa7907eb5125b9246cf94039dc78a9f291f0ecafea7a50e9f32b305269dd1b96dac417236cc0c2e7b9e41ab4f6e1c6e460c3b10735cea796ff0074fe6315346678f2d092369c70715c9530914ae9d8eba75a7376b5df91b90d82cae7728247a8aa7abd8184868c71dc0e7151d96bf7965206920f397b8c56e1d46cf5f808b68a48ae1464c4c3afd0f7c570d4a6e1ab69af23a141bd1a69f9a31b4e2c08f900ed9adc8d96daca5ba9db088bc639aac9a2ea1d56d4aaa8c9248181c1fe441fc6a2f1279fc6984a46b011bf077166c67f219aca9ca1395ae8b54672d22aece6efee1afafcc8c30ce412339c0f4fc053bcb3920723d0f6a9e4d305b428c09dcdd4939269241c8c13bf1907d6bdfa16705cbb1e76229ca94dc67b9065a2ca9e411820f34eb0905bcfb49f91ce3e95263cd4c30f9c700fad40e8467b11d2aea53538b4f6268d574a6a51e86b9bc8c131cc3354ee6dd5c6e84fe55247125d461f8df8e69046f6c7b943debc2945c24d3e87d9c26ab414ba3335e35b8e245db20e8c3bfd7d6aacd0b5bf5f990f46031f9fa1ade36eb27cc00e7918a4366bc865ca1e181ee288c9f538b1197c2a26d68ce7739a13ad3af2d9ecee0a1e53276b7aff00f5ea30f5b34d6e7ceb566d32d474faaf1b8a981a4c4d9347538c6da810f4a973521723939fc2a2fc2a57c5444d0819135464e29e5f15112326a9123c53874c5460814e04531a1e38353c7fe7dea00735623148b4ae588df039a93cc1d2a203b521a2e53489b7834d247ad459c77a4df4ae263faf3487a7d2980d3f2306909ab9038ce7d69be59f5a9091498a64d8cedf8cd3d24a63d3067239aa24d084e6ad460f06a9c23a55e88640a43b9220ab08322a34415320ff0022a58d0c703d2a071ebe9570a67b531e234d09945c5579055d92323b5559475f6a605423ad31c54e40a638fad00915f1cd6be93a61b88cdd4c84c2bd01e01fafb553b1b27bebd8e04563b8e4e3b0ae8b5289e3b55b58de2551c155190a3d33dc9aa8d29cd5e28e8a72a707cd53e488efb57b79ada3b4b4217030c71fcb1c01592ee10158fa776e99a69c4723ab0018f71de8c17e00e2b19c5c5d99ec509c6a414a2458e4f7a953701c75ab30d9b3638eb5763d397a9c5458eba74dbd4cd8adc92588e6ac0858f1835a496d1a638a76e8e3fba993458dd5348c17b168a4236939e453c5aca7a002aedfdcbfcaca98ed9c551334ee7a9f4e2bdac3cd4a9a7d4f91c752f655e515b6e871b173f7a4503eb4b1d8c29f7a404d43b257e4eeeb4a2190e3afe15befd0e42d7d9e21c0702acd9feee6003e4370735492ddb8eb8a9e38d90839e41c8a9a90e68b5635c3d574aa29a7d4d230893afe38155e381f4ed423ba81c8c1ce3b67ff00ae2ae26480c09e467ad1729be024750320fa1af0651dd33edad19c6e76d6ca2ead20957eecf001f4250a7f351f9d723a8edbcd56798ae43107f415b7e17d40cba2883f8e02e40fc9c7fe826b0ae008b53b88c64af9ae57e99e3f4af330b0e5af2472e1e36aad3f97a152fa3df0f1fc27359d20e87d2b66519c83d0f06b1e61b32be8715f4d81a974e2fa1e567746d355175d0667a7a524d192370a4078e4e3dc734e498a704aba9ea0f06bbf467863ac1c249b49c2b706b62441b30c3231589247e5b798b9d84f208e95aa9299acc303960306bcdc6d2b5a6be67d0e4f88ba745f4d511c682372bfc24f07d2ad9895d3ea33541e66b6b53337cc4b0183d856846eae8197a119af3cf762d3d0c1d4a20f34b0bf462083e9583246d14851ba83dbbd745ab922e9c8fee8359d756cd731078d499146703b8af49d3e7a4a4b748f8dc5fbb88925b5ca08715323d57008f5a98572189611fe9520718aac33520353602477a81de9e6945bb39e98a00aac4ff9ef5167f5ad0fb0efebde9e9a728e714ee82c67734e4cfa56aa582f714a6c06dc8145d0eccce4cf7ab2878c539ed8a7ad4646ca3729684c1ff9d2efa843d217a2c55c7bbf15197eb485ea132734589b9650d29735146ffe34e269582e29346f5f43f9d447ff00d74669d8572bc9cd24639a3a91524494c566cb508357621c0aab1823156e23d280b32ca0ab28950475663e945ae17b098c1a0e29e7ad31cd26ac35a90c880a1aa1711e3b56967ad53b9c734931d8ce2290a1c5498a9620de7c691aee958fcb919031dff0aa8ae6690f65766b6996e2c2d599b895c65b1fc23fc6a8dede119c6327f4ab37d7496518837069b19619ce3ebef58171705f3cd7a4da845457439f56ee4734a41273c83c1ad2d3ae1268c9fe25e197ae3ffad5884d4b6b70f6f72ae9f420f715c95a9f3abadcedc1e25d19ebb3dcdd96e1a3fca9897cdea7f1a82595650193eeb0e33daab64d70356763e81d57bc5e87456b209901dd938e454d94ee0d7396f74f1904139ad6b6be4b8f966001c7047141d34ebc64acf72cdc189e13c0c8e4551f3a31db3578dbabf31b64564dc5bbdbcc460e33919af4b0352d7833c6cea85daaa97932c7da57fba07e14dfb4fa0aae0d3c57a373c0b12fda1bfc69e2527fcf5a6246a71d6a511e3b7bd3132ed9c85e32a7aa9e2ac838e08e2a9d99d926decc2adb8273fd2bc5c54392a3f33ec32caded70eafbad0b1a5dcae9bab413364420e1d5476231fd6a18c312c5db273c9c75a8849b30b8c8f43daa5f301e981eb5c6a0949cfaec77a8ae6e6eb6b0633f4354e5b58e6d4208a798c30caeaaf2819d83a67f0e2aef5aab7b1978c1c6769c1aeaa0da9593b5fa9c59953f6941f5b6a74d3782f4ed134d6bbd416eef51dc4430c23f2c9fe2e3bfd7d6a71e0ad2b4b9d25963b9be0ea0c4b332f95cf4dd8e4d3349b2bdf137876dd96ef6bc01e1915d8e25d9ca9c7ae0e33ec2a6d06caeee6c5ef1eec3c31e61313312508e98f4c1c579f5e75b964949dfd7b1e4d2c350951551c9277d50907867417b95dda6c84336d2a2e98a0ce3900fb1cfe15c75b011c9710ae446b23aa03c900311cfbe2bbd132c4c195d76820e73d8723f4623f0ae57c4960ba76b8d3438fb35db19a361c80dfc6b9f6393f435196579549ca9d46ddd697ee124b0d561386d7d7d0c5be4ff00897b2e390dcd269970c6db61fe1c75ab17a14464b7dd279acdb3900b995074c575bdcf7afcb24c3577fde49eca2abdbb61463aa9eb4fd55f25fdf68a65b8c024f4cf15edd0f823e87c8635debcdf995ae544972ec06371c9a8c478ab2e9f3e4ff1734a23cd79b53e37ea445684491927f9d4c90d4c230054b1a0ce4e3daa006c56c38240a9c422a58c67a54c2227349b1a572b0880a76d152b8099c9aab25c2a743517b95cb627083da9302a9fdb854b1dd07cf2298874a0566dca63247635a1249dea8cc720d340ca99a09e298e7069a64ab22e2bbd479e690be692981207a903d403ad381a00989a33ed4d439a7e281908404d588e3a58d2ac24759b91bc29dc7c40fa55a44151462a6152a6747b0d2e4a9c54f1bf155c1a51262ba22ee72d4a762c938cd309a4f3011513498a6ec4c50e77c55399c1cd3a49722ab17cf7ac5e8ce88c2e868eb4c975192d641159806e9c60301ca8ff001a713b016f419aceb7b93146d220dd73393b98ff000afa0f735ad1dee8c2b68ac3dc7920867df2672c4f39aaee724d2ca48e0f5ef9a87278f7ae972301fc77e952c600e6a11c9a98f029c7b812432912142786e9529ef59eee7208ea0e6ae87de80fa8cfd2b8abc6d2baea7a982acdc5c1f4d869241f6a92298a383efcd447922a4d8a8878e4d6275c5b4ee8be2f1e27c0240ce78a925d559f6ee1b80e391548033428ff0081ab1f632612e083b79c569425cb345e254aa5192dd5ae4e9716eff7976935308e224156f7abde12f0f8d7752922740d1c50bc857d481c0fc4e2aad8e997173722dada09a69f38f2d4743fd2bd75888f338b7aa5767cdf2bb5d75048fd3a7b55ab3b1b9d467105a44d248464e380bea49e800f535d5d978122b0b237de26bc5b38579f2a36cb7d33ebec33585acf8abcdb67d3347b65b1d3738213fd64deeedefd7159ac57b56e3495fbb0e4b6accfb88d6d675449e39d94fced1e4a83e80f7fa8ab78c8cf6ea2b14484f4fe55a96f2178549f4c1ac71b069293777b1ee64953de9537ea4b8ffeb51d38fe54b9a4ff0039af38fa1143e29d27cf1b0f514cc66937b46467eed34ecd326714e2d3ea757e0dd7f49d2bc2ae351dcaf0dc132931eec17e98c76c0c53eebc5be1c2f74f0dc3a24f12aaaa42542b03d7f11819ae4f4892da4bcb8d3ef1fcbb7be5f24c84ff00ab70728df4078fa1ac79aca4d37506b4d422657b7940917d467b7a822955c1d3751b93777afa9f294e2db947b1e83078e345b7d55a71e6086488068961fbafededc75f7a8fc4be2ad37c47e1ad42d2c60612c0a93069500da37005971dc66a9f8da3b47d0ed6748d04aae0452c6c08643ced38ea47b6715cbd8ee8f4cd5ae8f119816dc1f57761c7d70a4d61430f45c63515d3e97ef71ca37a6e5d989a9498d2b7673c802b1ecdf1316cf27ad4d733192155ed927155edb3bc71d4e2ba6aa4a6d799ec53a8ea462df61f7a77c807ab0a7cd27970311d4f007ad41739374aa3fbd56234124f9cfcb10efdc9af6297c092ec7cde21deac9bee314b18d0b0c1031cd4e80532470481d0f248a707e2bcfadf1b1c5e83f38a58dc67fc6a224934223171f5e6b1b8ed7d8dbb58d703b9ad048d4a741556cedcec5e3b569456e78150d9ac22d18f756a7922b22e62619cd75379101f9563de47f21f5a84f534947439e7072688c943c134e9410e7229a056a73345a12922a390820feb5187238cd2b918a04cab377f6aaf9ab3266ab11c9ad110c426941a361a027e94d80ea70a40869c831482e4d18a9b1ed50c7c1a9f70f43498c9234156234a6277cd4a2b099df45a241c528a6122901ac93699deacd13671485fbd377e3ad44f27bd74d391c75e296a3cc9ef51c929c544f27ffaaa32f5a3673c126c0c87f0a3351e793f4a77f2acdb3a55922c5adbfdb6f6dedbfe7b48a871df2715dff8cfc249729f6bd06da13791010c918c0ca81c11db701c5719e164327892d580c9889940f52071fae2baff00105f5e68bafc2d196e2304e795949e48f7c74ab53f671e6f3b184687d62a3827676ba3ca2e2196de6923b8464954fccae3041a8c0248006493815ecbe2ed374dbef0f5c5fdf5b0f32283cc471f2ba9c7033f52060d794d9c42d6dbed5201e61e2307b7bd7543de385e9a10c91ac588ff008f1f37b544e69725dcb1ea7934c357b20187ad4f0b9c62a0e2a48ce0d61515e2cdb0f2e59af32c8ebf4a761a470a809351838ebd6acdaccb1738e4f5cd719ebc2cdd9b2d58db3fcf13803f8b9ab26c64404c6f904723351c57c3cc040e48c1ab4b7a7a04e684eda9e8463071b1b1e00f1041e1fd6e43a99f2e19a3f2cca06769ce7f2aeeb55f88ba2d840e74a297974c38d8bb57eac7bfd2bc8a484cb33176c73d2a78a18d0715def014ebcd5595f54aebb9f2b524e9c9c57465bd5b54d435ebc371a85c3bb74551f757e83b5564b7298f4f7a94630314e1c735e8c29c609462ac91cee4deac8c44b576cf98caf607355ea6b53fbe23fbc2b2c5c79a93f23bf2ca9c9898dfae85a031494e34c27a57887d8874e4d3b191d8d3323a7ad01f1c6680332f90c33b3632879c569c5af5a4b6696dae599bb890622b946db3463d377703deab5fa03b09380460d6682227298ca1edd7fc8af5634615e9479ba6cd6e7c763af4b13249eece85e3f08c7a779fe66a93146c2db6f00907b83d31583ac6bcb7c6186d6d05ad8dbf315ba127e63d5d8ff131e99ed55de1642cd68fb1c72623c834eb7985d41223a2acabc91514f05184aedb6d3babec73cab4a4acf62be4c9b4918e3247a53838474503a9e4d349207e14ddff003a9f4af3ea3bcdfa9f4543dda715e4175fbbbd25bf8464d58b125d0854695d8ee2b1a96c7d71e95a9a269d6b79afa4da82b3d9c081da3033e6b765fa77fc2bbdb6b7bad6945be9d691d85903f318d7008faf7fa0a75734f6168c55ddb57d8f36797ca5525393b47ccf2892559662e01008efc1a5127f3ad3f1768ffd87e21b88233be066dd1b0e7ea3ea0d654485f155ed1555cfdf5385c5c5d8b30a163d2b4ed6d492091ef50d95bf2335b96d0818ac64f53a69453458b58b620ab41c0e29624000a710b53736b229dca6726b36e612e0f15b0e81c557786a7986d5d1cadcd936f271549e1280f1f9575935a8c1cd65dd5aa84240ab523274fa98441149d6a59b2848a62267e95a239a4b5b113a75a8b673d2ae3c7c1351f97fad6888688047ed4e11fb54e22a9020a2e2b15bcaa4298ab61290c63d281d8aa2a4e7d29fb29d8f6a0458ce2977d37d69a49150d5cda13b3242fef4ddfcd479e29075cd66e075aad6458df9151494a3b75a63f4aa8ab18d4a974425f9a4df4920c544339ad2da18c64d325069f48883029e46013e82a6c7473dd1db78034f115adeea4d16e95814b7c9007c9f31ce7b6702b775779beca8d247029329d8c9f3606d1c83db2734b616f6da4681a359dc46b29b9888746efbfe624fe82af1b64d58885936a28c2ede3cbfa7b5638caf1515463f1330c3ced5b9e5b2307c6f7a3fe11eb4b266c35d6d797d9179fd4e05798dfdcf9d300a308bc003b5741e31d5ff00b475b9c464886dc7911fb85e3f53935ca13924fad7a94e2e3049ee61269c9b419c534d29c7af6a69a6d886d3d3a8f7e29869dfc4bf5ace5f0b2a0ed24fcc97249181520dd9e7a511edc64d0d748bc715c47ad1b2576c9e39b67007357a290e7d2b205f283855cd4f1ccd260924678c66958e9a35d5ec9dcd09db13649ea2a48e5e954657fbadb8e7a54b149d0b30033d0d7af869de08f1318ad5a5e6ee6824a3b74a943f155629148f9181fa5384cc87047d48aebb9c8cb39cff004a9227d9229f7e6aa7da147a9fa534cc7af03d2a66938b5dcd2949c26a4ba346d3bf35117a84cd900e4f4cd343b48c15433b1e8a0726be7de9a1f72a69ab921908a69971fe352c7a6ea171c436372f9e98889a2ef42d56c6d1aeaf2c6582dd4805dc6393ed459f63375e09daeafea52bc9479608e466a997de3dfb569693a1de7892796dac7679912798c5ce0607f535885d8120e4329c107b57a9839feeec7cd66b675db5d8b1bf3fef0e3eb54a595ad6fd2419dadd47ad755a67844ea3a243aadceab69616d248620d282496ce074f5ac4f18e892f87f5316534ab31550eb220c6e53ed5b4ea45e89ea8f3922bdc603900e57008a873f383e94e2498e33eaa0d3ec6d9af6fe0b65eb2c8101f4cd78b55a526cfa6a4fdc8b7d8f52f0e59e8fa468f6f35d11717522091900dd8cf6f4e3deb4defb54d64795a7c06ded871b94e3f33fd05558db42d1142cd27da668c001473d3dba7e7530d7754d63f73a55a7911f4f3076fc7a0fc2bc29be6937bfa872b6f9d2bf9cb65f2313c71a0d9c1e181179c24d4e2904bc7707861ec31cf35c5d8e992b0076d7a26a5a2dae9b66f2ea570f7178df37968719f6f7cfa9a8f4ed1c7911bec2bb943608e99af53013e7838b7b1e663209494d5da7bbe97f239bb6d35d304ad68243b00e2ba44d3001d2a0bab0c0e3ad74d483e8674e6b63172538a8de539eb566e2229906b2ae2528d592ec6ae5d8b5e6e0d38106b37ed3e952c37049149ab0d3b97cc7bc550bcb6f90f15a3138201f5a8ee71b0d08b6b438abfb6612702a289077adabd8c126b33cbc39ae88dda38e6acc478f8a83cb39aba718eb516055136d08c252eca9062871c0a0868880fa53f1ed48082695cd302370052714d734dfc7f4a044a48e7fa530e29ce31519cd21f40cd39071fe34c1c54e3a516409b131f5a47ef4ecd464d00d913a669a23e45494a319aab82448918a77945c8503ef1005221ab563135c6a16d0a025de555007d6a52d477b1ea92269b7b756f14e36dd5a010c6ae4aee2141f97fbdc7a5375bbd5f0ff87aeae938902ed427a973c0fcbafe15c7f8aaf21d4fc5135a5db4865b1b6f26d56007e6ba6208c11d3031d7d0d3fe226a32451d86992c81e5b78964b823bc8463fc4fe35ac294653526b55d4c169b753cfef262f9f527273dff00fd75547ffaa877f31c9f7e297803b9f6aebbdd80981ee6a338dddea47a8c75fd6a18c6b919c67f3a7272ea3d3935139f9ea4b7e642c7a66b1936ee9174edccae4a6367e06453e1b7854e6526b4ade34d9d0134f7856407280d72dcf6a3864f5dd90c36d6728c2b2e4fe74b269b2a642ab3646411daa2974cf9898d9a33dbbd2c77f7564a16e959e3e8181feb4b72d351d2a46cbba229219d2220a3707238a48a1964233b80ef9ad9b5b95be8cf9328248e55fa8a84c6c83f79203fec8ef5df83574d3e879d98d38c5c671774d0fb2d3a5b89a3b6b18a49eea5385441d7ff00ac3d6bac93c21a4e88883c4baf797724026dad53732e7d6b6be1258c460bfd499419b78854fa281938faf15e79a9de4b73acdedd484b492cccc73ce39fe95d29b949c53b2479a7649e04d375bb092e3c2fabb4f2c63e686e060fff00589fcab88b8867b59e482e2368e5898ab2b0fba456e7817569b4ef16d990c7cbb86f26451d083fe0706b63e2ad825aebf6f76800fb54597e3ab2f19fc463f2a69ca33e56ee9ec3347e18e9f0de5b6a0f751abc6e8b08dc3d739c7be2b9b66bbf0af88a616eca2e2d5d9519864107be3e86b6b4992f348f0be8135adbcd2bcf78f7322c4849283e5038f504d5cf893a3fefedf56814849808e518c60f504fd471f857995559bb7467b985ad7a8b9f55256b1a5e02f10ea3adcba8a6a1726568d1590050bb739f4fc2bcef53d7355be0f6d79a85c4d16ee51db20e0ff4aebbe16951acdf4791f340091ff02ffebd71b7d6c4eb735b4782e6e1a318f52d8a86db48de9d3847113564ac934773f0ea38748b286e6e70b3eab39860278caa0cfe44e6b8cf1d698ba4f8c6f638d76c53113a00318ddc9fc8e6bb4f1258595bcda4c07c4363a79d251408dc166df9c9271d334bf1234db7d77c3b6daf58c8928b71f3489d1e327afe0dfcebae84b95afb8f17152e79f377317ec3717ff0cf44b3b485e5926d44e422e7032724fa01eb5cff00c4abd8af7c5d3adb3ac91db4696e181c825473fa923f0af41f03dd2af8334d8a562239ee25b6383d720e2bc7ee61f26fe588e4f97232e4f7c1ab6ecdbed731a5173928f7247fb8a3a00a056a78634c9353d542c6eb1ac4a5d9cf18ff00ebd654832d8c74c715d2784f449afe19a4599628cb0420e7271cf4f4af1f113e58377b1f4ada8257764ba9d6c31683a4a0699bed92f5da39ff00eb0fc735a11ea5aa6a6163d32d8dbc1d0151fd7b7e155447a0786e312ea773089146479a72c7e8a2b2f51f8bb6b1031e8f64d2b0e16498e07fdf23fae2bcca742a567ee26fcdec71d6c7528fc29c9f77b7dc75b6de1cb6b546bdd56e16565f999a46c22fd49eb53e9babe9faedd5d269efe60b62aace07cad9f4f618c578c6a9e23d5bc41217d42e5d97391193b517e8a3fad763f0af514b5d4ae2c242dfe94a1958f765ff00eb66bdcc265ce8dea49ebd96c7995b1152b3f7dffc03d1becc31d2aadc5a820e456b633514b1f15d2e2998a958e46fecb83c5725a946d1e7d335e897d1641ae335ab7e0d632a691b46a3d8e5bcc6048ab76f2722abfd9cef3f5a9e3888a8f677378dd334a2b9c77a59a50475aa0f21402aa4d7a4700d2549df43a23aad47de38e6b3bef9a7995a434e44ad9439503a6a431d303d6a13574a022aaca9d6a6e99c7529b8323de411417cff008535f8ef50bc9d6831b8ef3307ad3f7e6aa97e69e8f5491371e7be68fce90bfbd19f7aab0ae4c50f348531520a6391591488b06806827ad309eb4c6f41f9f7a4351e7fc28dc298af71d9a5fa547bfd2941348a4c94135a9a25d45a6dfc3a95cab3c36d206daa7e676f41f4eb591e60a9d26288995564e5b07fa7bd6b462a52d499bb23d57c3df60d3340bdd564ba8ee56499eee495860827a2907a1c60578feb9abcbab6a535c48c4b4ac589ff003d874a96fb559a5b592de02c90c84798a0e3763a67e958fceee462b771516d233428a98018a853ad4e0640aa8aba02293eed45d89a965e9f85404f1513761a2327192697cfd802afa633519cbb803e82ae476598d49ee793deb149c9e83d8816ea61d2461f8d49e75e040dba4da7a1f5ab51daa071b579073c8ab3725b4e949d81a090e769e80d67520e0ecceba0a534db6d24508e7be3f77cc35694df4abb24c6d3d41a90dfa840d1db86cf7ce7155e4d4ee4e42a04fa0acb7e8762e486f26cb7f65fb2324b1b6d23b034a2532b9e79cd643dccedd777e54d173246f9e6ba2854e46efd4e3c5548cd25156b1ed7f086f93ecd7f60cc04a24132ae7aae307f2e2b87f126993693afdedbcd1b2812b32123ef293904563e87e23934dbd8ae6291a296339571fd7d41af49bcf19e85e24b08935cd2a592451812c0c38fa1ed9f435d917ef734754ce17a6e721e13b496ff00c51a7c30ab16f395d88eca3927e95d47c52bc1a8f88ed34f81833c29b1b0738773d3ea063f3adbf065ff0086e27b8b5d1e392c2f6518496eb0ecde983d38feef15cb6bfe14d6bc377e75a9e58ee9565f34dc0e7e7ce7953ef4efcd535d2db5c469f8b3c45a8e85a9c5a3e9574d6f6f656f1c6c230396c64f3f956ff86ef4f8bfc19756576fe7dda028ccdd49ea8dfd3f0af3cbf8351bb8a3d67522ae75162e8e30376de3a0e95a76fe1dbc86db4dd979e526a8d8568d9805ff007b15e7caea6d3d4f7a9d1a73c34249a4fa3f434fe1bedb3f11de0b965859602afbc85c10c3d6a9e976567178fa79af67852d6da69272cee30e41cae3d4e483f85249e10880d415752f3ee2c0eeb98cc4412bdc827a91d6992f866183c5561a525c3cd6978a8eb2600255b93f962a35b2d0def4e5394b9b56bf2393d76edb52bdbabc93969e52f93e84f1fa62bb4f0578b746b5f064ba4eb770532ce8a8232d946fa7a1cd668d02d2cb5bd620d4d1a4b4d3a0925db92a5bb2723d4914ed27c276d7ff000e6f2e9517fb54037517f7844a718fa1c37e55d3492e477ee7959838fb45cbb59096fe29d3f4df0f68f63079d24f697bf6997e5daac013d0fa918ae4af665bdd4aeaed23f2d26959c2139db939c7e15dcc5a6457fa659ea9a2da42af736a21f280c859d5867af72066b8491191df7021b2723d0d5576941db76460617ab7ecae27fcb60727057935143af6a10218adaede18b71204676e69f70fe5da961d76e0564473ac636bc5bab929c22dfbcaebcceacc2766a28b99f364324cde648c7259f927f3a9e33c70001f95525950fdd888ff0078e6a70ec7ef1fc3a0aef85ada1e632da38cf1c9f53daafe997d2d85fc3751b11246e181cf5c5652162781c7a9ab11b75c0c9f53daba23a88fa334fbd8f51b082ee1ff00573a071ed9a99c641af38f865e23018e8f732313231680f65e395fc7ad7a49e95c938f2cac065de2706b94d561dfb8015d7dd77ac6b9b65209f5a893b170dce1fec4439fad32484c79e2b7e6b65476e3ad66ea204719f6ace1357b33d3841357306e49c902b3df19e6acdcca39c7ad5177de6baa9c536655a6a08910d594c555418a991f06aea51495d114312dbb3252454520c83e94e73dea177ed5e74a2d337ac93572bc839355a4eb5665e6aa499cd51e6cb41b4f1914019a76caa466d899a327d29718a762b4d011603f5cd459249a8bccc9eb5203d3358d8b88a476a691c1e2949ef485e916d10c9914c1cd3e4a68fe74c80a5069c109e697cbcd0ca516c612c480a32cc70055cb84c6117eea0db9f5ff0026a1b50b15cabc9c2af23d8d4f7522c69c57661e2945c8ce77bd999372ec8e7af3dc524722c83120dd8fe20318a86690bb927d6a30f4b9ecc56d09648d41cc6d907b54e838fe5558393df23d08cd3c16edc7d0d5a693b8587cc8767eb546538e2acc933004127078e4536d6213485987ca9d3dcd635a49ec345550df7d41e3bfa568dadc892339eabe94a912fd9a441d4139acf2a6193f1aca9cdc5dd1ace1ca9799b110df20c76ea7d2b425896eeccc720f9978ac7b0be8e3983484f0303dab712505048007561f7854d797334d1eae5d18ca9b4defd0c08e492c243b46f4cf208cd69dbdfd95c603a2a377c8e2a49add6625e3c6feebd33540dbc0d9c8dad9e86b1bdcd5539d17eeb4d7666c8d3adae63250af0782a73546e7441e593bf383e951dacff65dca8dc75abd24ed75011bc2fd4d553b73abf734aca9d4a2ddacec63cda2ec4cac8a0fa135560bbb8b07f95b2a0f23a835b7fd945c6e6933f4e6925d16229c336ef715e9ba0d3bc3467cd5d6cc92c7528ae80dac23941fbb9c67e95abaa6afa8eb105bc1777524b1c23015cf4ff13ee6b90bad327b3fde2f2a0e770ed57f4ed5c4bb61b93871c2b1feb550a977cb5159f706baa3d93fb15f53f0ac5a67d9994dada453da4a46373904b2fe3c567b4cff00f081e9572a0efb0bedac08e9c9ff00eb563c9e271ff09359ea36665558228e32ae700e170df81ab9abf896de6d3753b2b7b4748ef6613292e3e43c6781ee33f8d71578f24aefa9eb60954a904a2ae93fb8e93c436d1245ad4ba503fda33408f7009cee848e4a0f5e2b1ac1966f0643ac6e1f69d2e09ad81ee37709f966b3bfe12abc9351b4d4618e38e5820fb395249122fbd66bea97096d7b6c9b2382f5c3cb12ae06473c7a0ac1cd5f43b69e0aaf2f2cbbdefe5d8e8bc4b6dfdafe1fb5bdb5ff008f9d684169201eaadcff0021f95374cf11e8f63e3a1a55bd94eb951a699ccffbb2abc0f931dce79f7ae6bfb52ee1b38a286e6444858c910538d8c7b8f7ac0bc85a51e7a3379b9dc5b3ce7ae7eb5d7878fb48bf23cccc30ee84926ef7fc8ed74fb0bfd222d5f48b798452daea70c96e59b6f5dc41e7d4605729e23f28ebf7e602a6233b152a720f3dbdb39accb69a59a6613c8eecdc12e49cfe752489841cf5e296260d4137dc796bfde35e4751e16f0dc7ad695a8b4eb8664115bb1ece39cff21f8d79fdd5b35bdcc914885648d8a918c118af55f08dd793a4c3193fc4c719f7ae73e2269823d563d421004574b96c0ff96838fccf06b382bc118626a39d695fa3b1c5206c803a1e3e956d23fc7e94cfb33390ab4d8dfcb263560ee4f383c56b056dcc1963a6371c7b0a7a3b3fddf957fbc475a8c4927720ff00b8b8c539371fbcd8f615bc588bf65717165731dcdbdcb472c6c19588070457b27847c5ebe23b02971b52fe11fbc55e8e3fbc3fc3b5789a1031c9fc6b5b47d4e5d275086ee03878cf20f71dc7e3572829af31743daae65193542e255d845668d6e2bdb68ee233f2c833827a7b7e1552e3535c1e78ae1a97d874dea4974e33d45733ad5d0c1453924d4f7bab2a0273ce2b9ff39aea42dd726b9e29dcf5e9c928dd90cb1b49c0ea69896528e483ed5b5676a5c8f97f3ad78ec06cfba3fc6bd1a52b23cdaf37391c99b774fe1351f4aeba4d397182bf9561dfd97964e06306ba39d3563083b3334934cce4d3f072453d2239af36b5933d3e6bc0ace339aace9cf3f5abe62c66abca9c9ed58dcf3ea3d48401c5380148720d28e2a9320529df8fc2939a793c1a8b3ec69f3151d884020f5a9929b3011cacabc00d8a7a74a9344acc0e29878a94f41f5a63f4a06c89f9ef488294f6a13afe34c515764cb525317bd4d1818acdb3b63149008b7f18ce7b7ad26b7671e990c6aaefe6630e8e3183ec7d2ae599db3c4c3a86073f8d50f1ccaefab3ee62718033e95d345f2c1b39eba5746226d93241ce7d294c5e954371072383576de4661f31cd5c26a4f639dab014231485f15624fb9554f7aa9fbbb0847248c7615a56d0f956a38f99be6359b6e03ddc2adc82c335bd201835cd27765c55ccff00f57373f75c6d355668830f7157ae80f21cf703355bef3b66ae9a4db2e6fdd4679041c771576c75396cce3ef21ea0d088a65391daa29e345276a8153385854aa4a2d4a2ce860962bb4125bb6d93ba934d9218a76c4cbb1ffbc38cd73713b2382ac41aeb6cff00d22c034bf3301d4d73b563ddc2e216215a4b6339f4d78cfc8772b0ea39a88c5228382dd3a55e61b1ced2473d8d4897121182d918ee29c5ea8da7878b4ec654734e9fc4d572192e9f1b59bda9be73a83b481f4029d04f2c920577623d335ed422fb9f2b2d19753cd950c7728707b8ef587a969c6d9cba038ce456e5c4cf0c4bb1b1542699e543e636ee3bd5548294494f51ba4ea24810cc791f758f6aeaa32b2c618f5239c5700ff2c995e0d763a1b34ba5167249ae0acf9a95df43dac9ea38d6705b3459f2cc44e080a78fa538ed2065867be39acd2bf39e4f5f5abb081c5701f489eb60caa657692318e3b56509764863d985270735b8ea06302b0f50e276c71cf6aefc0c9f335e47899dc7dd8c8a52c6d6f721b1c13daa7940e3fc69f75cdb827923d6985418d722b6c5af71fa9e665bfc65e8747a45c3436d18190319ad2d590eaba24b1607991fef2363fc247ff5b34cd1e18db4ab662a092bd7f1adbb389378f9475ae6a7a2471556fdbcbd4f29995becb900aa3f56cf45f4fa9aa42354009213fba0724d687881157c4f716ea310c6edb53b0eb599012e0bb72c4f5ad39b528b31be7e5e84751d334fc8e94c894195722a423afd6b68ea03e327b77ef53c648f4aac9d2a74eb5ac44741a56a452116ec581cfca7b1ab72ccd8e4d6158ffc7d47ee715bb74a3078ef5cf88824d4884ad3306fe677240a934e70300d2dea2e4f150da751f4ae64b53d0e67c875562578e95b916dc0e95ca58b1e3935b96ecdb0726ba947438a4f52eca54673585a90521ab52563b3ad626a2c70dcd56c820aecca4405c9f7ab0918a821ab91815e4d793723ba7a44af3441013f955174fe55a7780796b549c0c5383d0f3e4f52915e7a52ede3a54ad487a0ad0a4b42bc870b51ee14e9ba9fad5a8ed6231a929c903b9a651fffd9, 'pessi.jpg', 17092, 'image/jpeg', '2023-04-22 16:19:51');
INSERT INTO `img` (`cin`, `dataa`, `name`, `size`, `typee`, `create_time`) VALUES
('50028128', 0xffd8ffe000104a46494600010101000000000000ffe1002e4578696600004d4d002a00000008000240000003000000010041000040010001000000010000000000000000ffdb0043000a07070907060a0908090b0b0a0c0f19100f0e0e0f1e161712192420262523202322282d3930282a362b2223324432363b3d4040402630464b453e4a393f403dffdb0043010b0b0b0f0d0f1d10101d3d2923293d3d3d3d3d3d3d3d3d3d3d3d3d3d3d3d3d3d3d3d3d3d3d3d3d3d3d3d3d3d3d3d3d3d3d3d3d3d3d3d3d3d3d3d3d3d3d3d3d3dffc0001108013b01da03012200021101031101ffc4001f0000010501010101010100000000000000000102030405060708090a0bffc400b5100002010303020403050504040000017d01020300041105122131410613516107227114328191a1082342b1c11552d1f02433627282090a161718191a25262728292a3435363738393a434445464748494a535455565758595a636465666768696a737475767778797a838485868788898a92939495969798999aa2a3a4a5a6a7a8a9aab2b3b4b5b6b7b8b9bac2c3c4c5c6c7c8c9cad2d3d4d5d6d7d8d9dae1e2e3e4e5e6e7e8e9eaf1f2f3f4f5f6f7f8f9faffc4001f0100030101010101010101010000000000000102030405060708090a0bffc400b51100020102040403040705040400010277000102031104052131061241510761711322328108144291a1b1c109233352f0156272d10a162434e125f11718191a262728292a35363738393a434445464748494a535455565758595a636465666768696a737475767778797a82838485868788898a92939495969798999aa2a3a4a5a6a7a8a9aab2b3b4b5b6b7b8b9bac2c3c4c5c6c7c8c9cad2d3d4d5d6d7d8d9dae2e3e4e5e6e7e8e9eaf2f3f4f5f6f7f8f9faffda000c03010002110311003f00e35f350be6ac3d42e28b982454933559f357244a84c749c8b48a64134a23356bc9a708b150e65a4431c46ac2446a448c54c8959b6d944623a70535304a360a9b5c2e4241a1335214a020a6a217258f356101a8631565053b12d8e0291c1a78148fd28b589b95651d6a94a3ad5e93bd53941e6a9319425e2a0df56254350088935a2d457248cf4ab518a8a38aaca21149a0b8f02839a519a0e69011b935017a91c1a81e9a18bbe9e8f558bd4919cd26865c8df356e2cf154e1ed5762c54b02ca1a787351834ecd488491cd57793152486aa48f4c093cda04b550c94093de95ae3b9784952249ef54524f7a9d1ea94496cbc24e298ef9a883d217ad1221884d30bd239a85deac2c38c94ddf5117a01a43b16e37a943fbd548c9ab0b48562c21a7e6a14cd4c054b0b0a28a5028c541434d30d3cd30d3482e379a33499a4cd5a44b7724c9a3351e69735640869b4e269b52d9490c20d2f341a5acdc8bb0dc534c79a7d3c25272b14a25531533caabde5d279559b9969147caa5f2aad98c5371537b8ec4223a90253c014ec0ab8ea4363314845494bb335aa890d9588340a9cc749b6ad44972163ab0b50a0a9d054b561a771e28340a08ac9bb14915e419aaf247d6ae98ea178e926519cf16690422ae98b9a4f2eb54c864091015208ea548ea411d0d8222f2e90c7567cba694a96c6914648eab4919ad174a81e3f6a698ccf311cd39233c55bf2bda9e910f4aa15c644878ab7183491c62a744a86080034b520141151cc3b15a4aa73679abd22554912a9343b145c9a687353bc74cf28e6ad342b0a8e6ac239a8447532251742b12890d38b9a604a7ecab4d12d11126a326a6294cf2cd55ee0b421c538035288e9e23a2c0d8d8c558029a23c53c0a7621b1e953a54282a7150d0d31e00a52290529359b455c61151354c6a1929c44c84d37348ef4ddf5a22592669c2a206a44a1b0485c50454828c563266a91094a5c1a71a5ac798d122115325534939ab31bf4a6c11640a08a68929af271593288dea2268925aacf2fbd5c503658f3052f999aa5e6d488f5d31898365b4e6a74155a37e956a3ad52326c5f2e9a500a9770a8dcd50911815283516451beb29234893834e0735087a910d73b46a89314c74a90504509032b3a547b2ad102a322b5890c684a900a6822a1bcbc5b3b6694ae48e157d4d368116c20f5000ea49c01f8fa566dceaf690901774ac0e085e07e758771737378e4c8cc7dbd3f0a8844dfdd63f4a145752ac6b9d6839c246003dd867149fdaebc05019b1d48000ff0013597e4b1c601e9de9c2d5e4425245ce7ee9e09aad10ec5e7bf58dc65cb9ddf700033f8f61518d61811ba152a38e09e6a97d8e58c82c8c083d7151f96c78dadd7d28d05ca74563a95acd19334eb13eec052a48c7d7ff00ad5a68990ac30558641073915c80b1b909e6242cc807240ae87c3be69b361213b01f954f047ff5aa26935743b58d2f2e9a63a9f1462b1682e5378aabc9156998ea178a96c3330c34087daaf986810fb51cd61dae51f27da97ca22aff00934791ed4b9c394a4129db2acf954be555a989a29f9668f2fdaae795ed47955b4646722a88fda9c23ab023a511d6a999b643e5d1b2ac7974863aa25b2202a4146ca70152c10504d2e298f59b34421355e57eb529cd56973cf1421d88247e6a3f32992be2a0f32a90345d47a9e37aa31bd5889ea64c6917939a791514478a797ac265a18f4ccd248f4cf32b2b1a5ca91bd598cf4aa91835663addc4cd32c669923f1413504a4d4f20ee452c9555e5a7cce79aa32c9d6b48c6c0d930979ab3149d2b2e390e6aec2fd2b68a3266944f56d1ea844f56d0d599b2c6fa85de973c54321a01019281273558bd01eb391a44ba925588cd67c64d5b8cd60d1a22e07e290c950eea8de4a56025796a1796a1924355de53eb5684d16a5b91146ce4f0a3358973a8cb3654b1db9e149e9566ec992d645cf502b38637fe3569092241230e7bfbf4a0cac7209ebfa520ce319e08a130739ea05328404f1924f38e4d747a0787def3f7d32958fb678ac28828906ee70726bbad17515781221818359d46d2b23482bbd4bc9a25980018d48c60715622d32d5318862007fb39a7bdc0c9002804e0739cd34cac0ff85733933a5451a11470c11ed4822c139cedcd50beb2866dc55555f1952831fe453e3795fa150bee09ab1e597054b901863229a931382d8e63675cd012b46f74e68732a1df193cf623eb54f15a3775738dab3b31bb29a63152528c5436345731d208eace0518159b65220f2e90c7563028c0a8bb28aa63a3cbab38149815a449641e5d218ea7205262b789932beca704a93029d8ade2cc9a22d94c71531a63d5f31162034669e45464526341be9a0173486a48c7150d1a21c42818aa930539ab0f556514d14675cc639c567b920d6acab906a84d11ce698208dfa55b8aa8c79ab911a96c691751e94bd570f485cd64d5ca5a1248fef50f982a3924eb50f994728ee5b48eac2254890fb54c22ab6668ae52a0912af3c755a44a92919b3275aa32c7d6b5a58ea949155263b14963e6ae429d29823e6ad449d2ad325a27893a5594151442ac014f988682a090559d94c74a3981228ba53101ab6f1e69a22f6a9722d212306ac034d094f02a1bb9426f34d7734f2298528484d95a5279aaaee455c912a9ca2ad215c6bbef8d81ce31dbbd5448cbf38ef53a2efca9e8c3069220718e060629bd0686043d073fa54c917ebd2a5484000e47afd6aca469e84f606a5c8b48822b71c75c1c67deb574d8e48660e031551d8e3350c4172001c83ce7bd6ec512881542b648c100631f8d6336694d5d93457ec48c6e03d319a4bdd796cc848e269a6232540fbbf5a61416e09c72a338358934cd7131854b22b1c1641966f61fe350926f5366ddb42dcbe2dd52324c714683d08e455ad37c537375305bada198f240c572778145e3c30c6f1bc470c4c8589fafe7dab6b45d39e470d2210430c1f635a3492d851bb7b9a1ab5e4b79a95bc0b3b451a9dc4038c9f4abd58baad95e59f89157718eda401d65db9ddfecfd41e3f1ad9cd56965639eaee0450052d380ac644a1314629f8a3158b2d0cc518a7628c53481b1b8a69a92986b48a21b2234b4ec51815aad086474bcd388a655264d84a69a93149b055a6268848a61a9c8a89c5592573d6a74e95114e6a58c54b6524238a8244ab9b3351bc752e45a467491d55961c8ad478aa2962e0d1cc3b18be560d4c8315318b9a3cac54391561b48453f6523834b982c5590547565c1351f966aae82c742918a93cba7253f14db3345678ea0963abce95048952d97133254aacf1d684b1d4063a8e63448a622e6a58e3a9fcac5284e6a94c968746956123a228fdaa7098a7cc4b44623a4318ab18a365170b154c549e455cf2e97cba350b94fcaa3caabbe551e55315ca463a89e3ad131542f1534c932e58cd5492326b6248aab3c3cd5dd058cd4888356f4db502792530acc43011a393b727b9c7a62a5f26ae58e1378c73c30f7c7ff0058d44e4ecec6d452734996e6850f96977a7407cc18125ae5597ea3d2a392c2d5d008f72ba8c609cd4fa8dcdd89e2834fe1da30c1f19c7bd43a5592cd34b1b4ac7c95e1c9fbcc4f3f80ae652695ee76ce09f42a5bdbb09ce71f2f4e7d6b76d9148ce6abc30c62e9924c03ea2ae4b6eb12030ca083da872b9118a4326b6f314aa90509e7daaac9a4b819b61f3fa119cd584ba688f3cfb54b1df01f74019ea2926558cbb7d02f6e660d708b1af7d9d4d6e436496b80b80cdd413d6ad25f178fe6db9acdfb57dbaf4c28c0797f79876cd5b6d8d47a9a4f0c779188e4e483904f383ebfd2b1c82ae54f054e0d69dbc62ce61e648590f209aaba89496e4c89fc5d6aa2ddac615e375cdd88053a9a99a754b473a63853b14c14facac5dc314dc53c529156912c8e98454b4c356896478a4c5498a6914ee2b0ca4c53e9314730ec371462a402908ab8b21a2122a2715648a88a56a990418a51c549b293654c8a88f4228280d370451cd62db4689018eab4c0741560ee34c31d4b914914fcaa8cc7578a5465292632998a9a63abbe5d30c75685728bc74cf2bdaaf18e9be551615cd043cd480d568ce4d4e2b668cee3bad31c0a9298fd2b368a4ca92a67351797565c5336573c9d8da242529a139a9c8a68eb50a6534491802a4a60a0bd689dc9687d4805401ea547ada29b3364a053c266a30f4f47ad1221b24f2e97cba91306a4c0a1a15cac63a8648eaf9031504807350345078ea131d5c900a85c0a771d8a863a7460a3823820e453dc5220e698cb5617466dcb094ca12a637e31f43e87ae2aecc4430a2f9411b1950833cfa7d0fbd645b4204d31e7717ebe944d2dec4dfe8f3120f4cf38ac25157d0ec8d5ba571fe6dccb78ed22797b463152a4af939276f6a8f4eb69443219cb1918e4b13d69ce0266a5db61a772492501339e4d5512b2658773de9b2bb1fa5464f193d3b5348772c1d46444c03976e147ad32e6c5ade3dd1cce8ec32cca719354a22649cc84e157a13daafc779f69063b78bcf60324b36056914273336d64bc7b9f245dc8ca78f9ce71f8d74d6d6ed14211e469187258f7aaf169d791cdb5d2089777cdb0738ebf9d69edad2cad7396b4ef649dc8b6518a930692b366684029d8a053f15290ee340a0d3f14d34ec17198a4d952514ad6021da69a4558c0a61152d94910629714fd94ec524c08f148454b8a61ad22c96888d348a948a6e2b78b3368868352114d22860865028c518ac6469161c521c52d2115932d0c34d229f8a422840c66290a53f1486ad3259114a3cba79a2a84410bf356d08aa310e6ae47d2ba1b32b128341c1a6d2d6532a234a0a6e05498a422b96a237895dc537654c45300ac51a8018a63d4c4542f9ada04486835207a8738a4f32bb208c64580fcd4f19aa224356627adada1932fc66a706a946f5611eb39e80894d4125485ea177ac1b3548af21aaeef534bdeaa487155157014be69c8451636573a95d25b59c4d24ac7181d17dc9ec3dcd6dc9e1f86cef24b59ee259658865ca28541c67a9e4f5c76ab6acaec15dbb233d23c0dd8e08cd2045383c71deb4668d70428edd2b3dc103d0573377d4e98ab2b0e47f90e33c7eb5466767356f9c6e7f9571800d467660902845159d3207d2a0b93b13d87156a43d33556e23f3648d3b672685ab2f6473da95fbc84db464ac6bc360fde3fe154238d890abf789c0c5744fe1e966171771c6d322866654e4ae3d47a559d27c30b730d9dd6f31b899239d5c1e32700ff00f5aba9349248c5c1eeceab4ab25b2d32de1e4b0505989ce49eb568a574f358450d9b0b7b3825651c12b9cd56b7d321b8855ae215818f2c15c8c568e84ad74ce0f6977aa39d22998ae866d1ec09220bf607a6d64dd8fc45529347943ed8e58a4fa657f9d62e8cd742d5486d73340a7e2af4da2df5bc665684346a325918362a81353cad3b3455d35a01a69a42f4ddf4ec21e28a66fa3349a1a1c69b8a5cd28e6b168d131314629f8a315051191519a988a6e29c589a21349531151915bc599344669879a91c5340ad77447519453f1462a1a2d323c518a931498ac9a344c8b1453c8a8cd458771869294d255ad042629d8a6134ecd3b8ac568c735612a20952a035a5c9b120a7629a053c526c1213148453a9319ae79ea6b1d08ca73404a7e0d284a8512db23294c74ab38a8dc56915621b28c895162af3c79a80c66ba232b10d11203566314c44a9d0569ce4344895325448054c302a252b8d2b0e3cd46e2b574cd166d4a41f32c317792418cfd0773fe735bbff0008be956e84cd24f3b63801c2e7f0144294a5aa42734ba9c3483381dc9c0039cd6959783efee5d25bc89adad339766204847b2fa9e9ce3ad75b67671daa05b386180673e695dce7fe0479cfd3153e61000dcd33a9c96663c574428db76632ada688bba3dbdb5ae9b1c5676cb6f164e547527d49ee4fa9ae535eb6fb36bf72f8c7da02c80faf183fa8aea6ca49e4790cdf7081b7b62a97896c3ed56697083f7b6e493819ca1ebf9707f0a9af0bc5a5d0d684ecd37d4e4bcb6724e71c77aa1346439279f406b59c34830a005c71ef5524870f83cb7735c2968765f5326588eff3246240e83d2aba5ca9721791d2aede45905493e9543c948a3c86c30ea284fb94f5d449a43b80f4351073bcbfb7e5419164c8cf3ef50c73792e7760807054f71556ec17ee4d16aa2ca7deb901b86507f5adfd026b8d72fd17f7f2c7148b2c848f95141ea7d49ce2b9e96d6cee1378273d700e315df7c3cb65b2b39e7c111cac1149fe2c75fc3b7e15bd38a6d5c8ab51a8bb58e8bcb5e4c13601fe12718aa72d897c34d72a173d339ad5b8b189c978f72ee19e2a9a58c00b79c5f03ae4818af42ebb9e572bedf899c925ac3304811e694f438abe9757201c04420f0091cd27dab4db77db0952d9e918dc7f4ab124903a664b59c2919dc23e952df914a17d2f6f424df2cd6659c0dea33ba3c7f920d72fade92da74c5d0136ee7e56fee9f435d1dadc421f64721cb0c052319ab5711c5219609d43c5228054f7ff00eb8f5a99455456ea357a6efd0f3b26999abfac6932699302097b773fbb93fa1f715999ae46b95d99baf795d0fdf407a889a506a5b4c6958981a992aba1e6ac21159b57287d0680453eb3712932234629d8a5c52b582e478a69152e29a455c4965722931536ca0a56c9e8458871462a4c536a5dc686e29a45494c71536288cd446a53513d3e515c8cd349a57a85de93434c09a76f1eb5017a5df5362d16f6734e0054bb299b2ada334c29c28c528150d9685c5284a544cd3c0a96ae319b294254a129c129587721db4d31d59d9414a6b41150c550bc5574a530a53bd82d7297978a704a9cc75b3e18d312f2f2496600c702ee008c82c7a67d8726ae1793490a564aecab63a05ddd224afb6de07195925fe2fa01c9ff003cd74963a2e9da3b892626f261d3747c2ffc04f7fae6acdadef9594ba8b76d6caca067ff00d556418ada37b84612333672c738cd7a11c3a4fbb3865886fc84778b609fca39eb8cf22a0f2d726e1ada6da4e4807357cc772632e0a97eca474a852cee1dc3cf39c839016ad68269b2be5eeb2123651f4c629c96f1dae4921e4fee8ed4e365700ed4b86f2fd1f9c54b0d8a83862646fc853bab0b95f6f9914266b9746fb815b20f61fe35a8403fd6aa8b887cc6891833c606557b54f1b678231f5ef59cb566d0565bdce6f53d25acdda6b75cdbb1c903fe59ff00f5bdeb12e41ce40c0af40907078ea3047ad73fa9e871dc8636ae2190f3b1fee9fa7a7eb5c9528f589d10a9d19c75d01ce31d2b0ae01f30e7eef535d3dee99796a0fda60650070c06e53f422b97beca3903a9e2b15169d99d0a575a142675df91f2fa62acdb442e01798908a386e86afe95e1ab9d4b2d1c2f213fc406147e278aeab4cf0dc362ead70527b853f2a272887d7fda23f2fad6b18b7a112925b89e1ff0769ff638e6d42d99e773bb63390157b02077eff8e2bab78d22b611c28a88a30aaa30001e951c313042c4fb9cd3c6e9327b63f2aea51496872b6dbbb2d3a3496c85646465e090719aa3269b1cc8c676665e84124e6afc39f2d87b7151f0ff0078e38c122b6836d1cf3b296bb329848adac898e20154e0639ab96578268415fa106b3e54d903c64850a7786cf07ffaf52e8fb50c91e0f4dc2aa516e37ec28c929dbb964d9a0bcde0000f3803a558b84124eea3a81c1f4a6ef1e713d80a5424c8ed5945db537924f464110b6bdb636b300e4e4488e3a63fc3d6b8bd6b486d3676284b43bb009e76fd7ebeb5de3854577551bba9c0eb54aea286e60912750448bb493e87fa8ebf8554e9aab17dfa18a9ba525dba9e799a5e6acdf69b3e9b74d05c2e1872187461ea3daa1095e4f334ecf73d0b26ae874753a54482a702ad3b90d0e14f14c14f14da27616968a2a5a2931a69a69c693149206c6525388a69ad55c96349a8c9a57351d0d0931d9a6934669a4d4b280e2a2734f26a2734d09913d5790d4921aad23f5aa486866fe69f91559e4f9a8f37de8e42ae746452629e4734dc55b46298dc5390518a7a0ac5a354c7220a9365082a402a2d62ae34252eca7e29c05201823a0a5499a61350d8d22331d34a54a4d30d43914910ba5757a469c21f0d9937ec92e32fb876ec3f97eb5cc115d2dacd2c3a7da4571fea9a3dca476fafe95d9824a53d4e7c4be581a5a75920b550c8a1f1c91fc46a9ea76a618c94931839d8c719a9fcc67b6912372a587041eb5972069917cc76976f0bb8f4ff00ebd7b1183bdee79ae6b95248e97499a296ca22af92ab83ce707d3f0a75cc52cc1b12b210380800cd54b7b16b3b6468f3e6757cf193e87e9d3356a2b80f807eeb1c03d307d0d7349ae6763b229f2a4cc12592e8ef694923bb938a9a2965331432cae08c81bb39a4d5524b7bc0720c64e57231d6886647b9465243904152315ba8e9748e67269d9b25b3b6963d48cd855898608271fa7d6b48caa0f73f4155cca50f356810e808f4cd6352eddcde9592b213edd0a70cc294f95703e52a698e913fde507f0aad2dbc4092aec8dd82f1599a8b344f167cb7619ec7bd654904a66cac506e3dfca5ff000a7ea4f7d6f1a3a31601b009f7aa31eada847203e521c1e49154a95d5ccdd5e57666bc5653ca0092463ea076ab1e4c56e63511e4b1c120f4aa49737f72065c053cfca3157eda2f2c6e62598f734b96c57339790e923690e06020e82a6485760153461703dfbd39d481c52288922542003c919c5547f933bb002f56e98acebdd595ee81b69596387219c9e09f41ed4f8ef8ca37b248038c07519159c711cadab5cb9e16538a654be896e2e779e55781576dae45a7972311c1c67a66a02133b99d420f5eff008543717201f31dca443850072dfe35d757134e31493b9cb47095272d55bd4dbba20248c3a33000fd4d3e37c248dea7158dfda4d25820901deb26e248c7cbfe34b16aeb7122052563076ed3d589fe82b9e335257474ce0e0eccd94946d1cd41751148f283e5639207414b6d1b499033d6adcbb63022e0bb0c11d702b58c9c5e8633829a391f145c5cc6e2792359f4e55f99471247ff004d10fa7a8e9c7e358de5ae15d1d6489c6e471d187f9e31dabb98b4c8e273c0688676a119c67b7d2b84bd897c39ac4968cb21d2a760d1c87e610b1ff0c608ee31deb9313454fde5b9b529b4acc784a754b244d13956c647a1ce7ffac7ad37657145bbd99bb10669d9a00a5c56c8c98b499a4a6935403b3484d266909a1213604d31de909a8ce6ad225b11cd37341a69a1a0419a6934b4c358b35421351b9a71a8a438a22c1a2195ea94afd6a795fad5294e6ba20ae4bd08ddf9a4df519ce68e6b7e415ced0d262a4229b8ae56c490d02a4028029454943c5482a1cd383d4b43b935151efa6992a1a290e734c32544f254464ac9968b3be9722aa0969de6fbd62cb458eb81ea715dacc218d23493a001554649381d80eb5c12cd8707d0d7a024a9088df204b70301c9ce1473f9741f535dd8497226ce7af1e6b2214b3b84e6081f61e4ab9029d6f6aaba82b48ac8a3e628c3bff51525d3cb1db1759956541bb97cfe9e9db9aba235bcb58cba152ca186072a48ec7dabba3889dda672bc3c56a8b0fc7ce39e39f7154e584c727991f31b8f997d7ffaf56a37f9002395f948e99c544e4c6081c8fbcbefed468f546a646b7230863958fc9bbcb7cf63ebfc8d662174901da30a4124763fe15b1a9a0ba86f6da3c177883a29fef0e7f5e958fa6d9c9aae9b0cf6b308e655db2291c3e0f5f638e3f0aeba334a3667256a6f9aeba9ba0aba060bc119c7a55ab7e508c6369c561e9d2dcd93fd9eea2768b3c38e71ff00d6adfb70a4f50430e39acea2bad074b47a8794af9fe94a96aa0ee2f9f622a471e59a4c920d60750cb98d24b678c81f30e0e335866da4e7cb084638cf4ad89248e2f9a799224cfde760bfcff0fceb1a4d5b4fb7240bb89803d4127f95694e69269b31ad06da6916ac6478e37578406078c1eb53bccfd15173ee7a5637db975105b4d9849b4e18a9231c67fce3d2a49af6fecfcb8d6c0dcb32e5a4ddb42fd73df1cd4b6aeda08dd2499bd6d233e376d18f4e6ab78835136360121c79d719553fdd1dcff4fc6a8d95eea119967d4a3b786d5573b51b2c0ff5cf4edebed583797d36a374f3487ef711aff707f9e6b0ad539179b3b28537377e88620528139f2906e663deb0ef7c53369b22e59a386463b7d4e3bfd2b76e626fb1f9487993ef1f4158f79e1ad3e6bd92e2ee59ae210aaa8a5b6ede39c63b6735c69abea7a1aa5643adfc64b7785601f1f3007ad69c3ab472c1f6b9f80464027a5618d0fc3d6b09f22e6ee29c0246f915867b76e94b7d632496b159da485d6403e7c7017bff00853695f71adb6d44bcf14fdaafc5b4132aa670588c28fc6ba8f0ddc59490bbdd3f932ab608c6735cfdae8ba0e82564b90b25c750d29e87d97a0ab76dad4371744db6c60bc71d455c67c8f433a90e7567b9dd8bf0731d842cc4f5908c01566dedfcbcbc8dba46e49358ba56aa851410d19ce370ee7dc56d0b80f83c7b62bae325257479d28383b3148fbc3b135ca78d74a32dac338955228df128719428dc1738ee3f973dabac0416cd2cb0c7730b4522864618208cd5349ab3235bdd1c77872ca3bed00adc861e43158665392631c7e201047d07155aeace5b5902b8055b9571d1be95d5428d61b6d942c7146400aaa0285f61e9566e2c2da6b61095fdcc9cae0e4a9f51f4a5530c9c535bf722159f335d0e108a4cd6deabe1e9aca33340c6785465881865fa8f4f715864d7138b8bb33a134d5d084d37341a2a90985349a7534d52111934dcd2b534d521580d30d29a4a1b0421a61a534c26b368b4c4722ab4a6a691fad5395fad28a2ae4129aa8f53c8726a092baa9a21b223460d1d29735d099076bdcd2e293bd3c579d734b094b8a282695c634d337d23bd465e98890c98a8de5f7a8a49315565b8c566ca458796a232d547b9f7a88dc7bd64d1a22e99bde97cff007acc6b9f7a12e29725c77b1a7e7fca7e95e9b15a9b9d1ad5894f39210417e464af703fcf15e4d1c8d2108a0b331c0006724d7b0c50c56d0466691d4a851932118c0f41f4fd2b7a10b5ee6551ec5586ce2b89909c796a32c39f99bfa01f5ad88c0ec063a0c0ce2b36d45ac818931b80371621f007d5aa417025c259a0f2d8e1a6c600f5dbfde3efd07bf4ae949f4464df72e019de7b1738c5432827284e188e3dead04508140c0518151cd83190476c8f6ad92b2b099c5a5fcc9afc7bc952a4c6defdaa6f0f4ac353bb25563569090a0f5e7aff002acbd6ae563d6247523390c403d0ff009157749990a348bcbb1ce7d335a2d1348c5bd55ceb26844b2741eb5ca78b3c4cba6c5269ba2ddc4758c6e1181b8a81c903b07c7214fa1e338a66ade2a96d74b223be582edc1552f1b385c1c12428e833d4f1922b80bdb75babe8a6bed45c4e9977d41216fdee3760a838dc432e370c0391e99a269ad070b3d59e9de01f192f89b4dfb3ddb2ff0068dba8f33b79abfdf1fc8fa1f635d594f4af1bb236763ae2ea6c2eedefe19ff7a9149144a32cab9da73b8b6fcb2ae40cf515e91e17f14af88edae5cdb1b792de5f2d90befc719eb8c67a8e33d2b24fa3366baa346f748b3d45a36bb8165318217713c67aff0021f9564cda6db69d78de45b422360085280d745e60359dab8531c72704a9da7f1fff0055694d2e6d56e655afc9a3396b9b9bd86179831b701f20128b8cf41c750307d3ad45a524babced1c9236d5527cd65df8e7a649c773d735bd6d6c2f8b2eeda5707919a8358d4a311fd8ad1b2c387901fd05675e10a6ef277f22a839d5568ab7999ba95d3be2dc4cd2c511c07231b8fafe1d3f0acf04a64e38ed9ef53889b1b3a807233daa64b6539001638ea46315e6ce6e6ee7af4d2a71486c28d70bb9ced41fad46f646f6774126c850e198773e82a2beba30c91dadaa34d7129dab1a0ce49f4f61eb5bd6ba54b65670dbbc704e4e5a5790fdd73e9ea074fc2a9536d3b19d5aa96dd4e524d06cd21921bd8eddd98285961dcae71ec73cf38c8ebdeb1f53bfb9d02116f61338824241590ee208aebf53b6b90409a3585a55219623c1edd7fa0f5ae135edd34896d26008e53861dc63ff00ad5d14e8350729339215dfb451462cd71713399a776727b939a9acee0a4eae9234520eebde9262a46c622300640cf5aa40b273838eb9c74a9b5d1d0db4ee7a0e9be20cc62291c938ea78cd755a66b0d220598fb06f5af25b6916488302770ea335d0697ad32623246de873529b83ba2a6a3516a7aac374a7b8fceada4defcd71161ab47950646f2db80c39ad63ac2451bc8373aa0cb01d7f015d11ad17be8ce47464b55aa3a298477319473b5bb30ea29aee96b0c6acdf2a103d6a9d8de25ea092360622325bd3ff00af57008ae9e362bf2c672beff5ae884fa3d8e69d3eab72fdb0c47b8f5619c5713e2a8ad21d4952d2358df6e6509c0c9f6ec71fceba6d7f5c8341d31ee66c3487e58a3cf2eddbf01d6bcf2def8ea6649dcb1959b2c586335cf59dd1ad38d87514e208e0f5a6d735ec5d84cd349a5351b9a2e16109a6134135197ab4c4d0e269335097a4f33dead6a4b247350bb8a4796abbcb4da04c749255395e9cf2d5791f34922931a4f34869b9e69f5ac5d8190b8a8f06a6714dc56a9927694e14dcf3466b81a2d1266a37341351b9a9288e4350193152c87ad5395f19ab4f40b0b2c83159f349ef524b29aa7239350ca4863c845466534921aaee684ae3d87994e6a4490d56a727515aa8ab19b7a9d6781d165f145a861c2ac8d9c676e14f3f86735dc59457113bc064b98d508cf95330ebdf078c1ebc62aa7c3ad112db46fb7bc79b9bbfbac7f863078c7d48cfe55d8fd989c7ddc0ae9a2925aa30aadb7a33322b384389640f70cbd1a672e47e7c0fd29e6498dec46176f2cb00e8e071f4ad092c894210004f520e2a04b59a39d4953b73927b0ae84e367639da92696a5b355e67c027d077ab0e081ebf4ac9d6ef3ec7a55dcf824c50bb803be0562749e5f797bf68d4aee55c88da5ca827381807fad6b689aaac301b7316e915b20e7191ff00d6ae5ec1da5b58e46fbcff0031ab8646b7c4ebd54678f6a2325cdaec44a2eda6e5cbf8e2bad42496e606789c90c89215201ea323a8380706b7b4cd27449333a5ac4656e486c9c7e0781d4fe758f1ca97d00b9b71961c32f7157acca8855d080d9c8c575b8ab5ce5e67b5ceb74ed374f86ce3582cad51109655585461ba67a753c735a28547400739381589a55d3180a9eaa7356dee57cc4432aa1760a093eb5c73b26ceda7769334f248e0d3cd935c464483e52738a2de15b74c82ccddd8d49f6d54cee61c566ea5b629abe8cc8d6ed4d9d90581da3777c15539dc3dcd73e96e63393803d4d747ad4c2e6ca4f2d819146e5c1eb8ae1db5549724904819e4f5ae4ace5295dbb9d941a8c2c8d77f2d1092ea4fa0ac5d5bc4115ac26185f0c7a003273587a978825c98e361cf1c0cd64a5cf9530966e5fa8cf38a950ea5b9dceffc18228e79ae750755bf900110738c21ea07b9fe55d8bfef73b48cf42a7bd78e0d596600b904039049addb7f164b63a6300cd33fdd84e7383efec3ad74d39a8ab34633a4e4ee9dce8b5fd462d23647a837ee98168c29cbafe1e95e65a9ea336a37be6470958958903d7eb56af0cd75249777d319656e4ee3fe7a5568ec2f2678c088c6afcaefe323d7e954ea4a6b956c2f630a4f9a4f5228a288b99671b9c9c81e9534891c9095380a7b7a54ff00d8375248c8b3405c1e40278fd283e1fd43a1f28fb87acda65fb58999145f667386cab703da964731bee1f8fb569ffc23972789278d463a004d4526893c63e575931d8f1459f525d45d0b1a4eae210fe6639e460d2dcf8a6588130839638e3bd63c96f25b3e2485948391c75a84cbb18640e4e4123a54f22b8d5569591b561e30bcb6b92eae56363f3ae786fc3d6bb7d3bc72de4e7940cb90ceb9c7ff005abcbede28e472e58051d49ee6acc52de59be43968faf1c83ffebabbdb44656beacf46bcd4d6e9c49713b3b29fbcc0363fc01f6a746f038251d15fae08c66b87875828877c232540201c671fd7fc2af5b6b6b2031acad82b822400e3f1a869ee55fa1d2bdf44e0c65033afa1e6a04916404a9fceb1a4bc54915a123e5e87ae6a5170239a39b24063b5c0e833dff952681a46a1350b9a24907350bc950483b8aaef2536592aac92f5ab892c94cbef4c335547969865ad910cb124def50c937bd55926a85e5aa609164cb4c2f9aabe6fbd488f9a4513034bba9b51e6aa2264c48a4a68e69715a226e759e6f34a24aa5e6d2897deb9dc4b4cb9e6534b8aaa66c534cf51ca5a64f238aa929eb4be6d452be450a2172b4a7350914f73cd21a3907cc57900aace9cd5990d454d444d9188ea68edd9c85519663803d4d082a78c942ac382a720fa5508f4eb3f13ad8c3169ba7db2cab671ac2f33bed52c060e00ebce79e2a74f14df93feaad547d18ff5ae4f43daf0492018dd2138f4ad21262b09d69a764cde9d28b5768e8e2f145d8fbf040c3d8b2ff8d68c3e27b538fb52b5bffb47e651f88e9f8e2b8d1718a537248e86a63899a7aea5bc3c1f91e80f22ca81d1c3230cab23673fe35c578fef678f409a280ed96465466071942707fc3f1acfb5bebcd2663269ff00ea89cbdbb1f91fff00893ee3f1cd2ebe5f5b9d5a3c244ab850fce09ebf88e95d4abc5abbd0e59d092765a9c945118630b8c638c5598f6bc6c8dd1862b53fb1d0fdf91b3ec2a68f47850e3e639e393d6a3db450d61e6f7397b17b8b7983da6ef373b5900ceeaeb6d6369200648bca909c9507a558b7b1b7b443e4c6ab9e491de9df68b60483329206700e69cf1b36ad1560860a09de5a8b1192304233007ae3bd57beb9b6b5426e6501b19033926aadfeb8b18290719e060e73584f0cb7cfba62707919ae472949de4ee7628c62ad1563bdd27c5abad5af976e19668c6245618fc7f1aab71a84a272647381c115c58be5d1ee637b501a60701579ddedf8d6d462f75fba778c35b40a70eeeb820fa01ea2ba23792d0e3a91e57a0dbad75a29311e490721b39cfe158b16997dabdd4ed6c162898eecbb10067d31d68f1b69c9a559c22da497733912313cb0edfd6aff00826f94786d6366f9e395c73db9cff5ada145b76662ea38c6e8e6f5fd35f41b98e292513191770641b40fcfe95d5785b45d3a6b2b7bc9e1fb44b2c61f6c872abce3a77fc73583e3a956636b22927682a78ad8f03de83a3c69dd3729ff00beb23f9d6bc8936ac1cedc53b9bfafd85b5e6873c4f0c6be5465a22aa06d23d31ebd2bcd222d112a77150723033935eaa25130c0d84fa1354ae747f3798e13130390d18c56738f31ad3a9c8734341bcb2b3b7d4afa07fde3663888ce3b82c3d4fa5741676e6f8cb34c8239597e55eb8aaf7175ab585b181e4f3a163fc43257f3ab767e21b5b89e181e1113a8c161dcff008d6f4d4793952d4e6ad3939f337a1929135bdcb363e6dc41abce2b46e2c164ba2c846d7f987bd57b884c2e50f6ac2a2b2b9ac7533a415588abd22540e958dcab151e3570410083d4119cd656a1a22c885edb82064a1eff004ad9718a666ad6a27a1c4491b43eb85382b8c62a485da4c85936e4e482719ae8b53d356eb334381281c8e9bfff00af5ccdc44039c82ae0e083c6286ac5c6572da5c3c5b830574fe11d734f262f308030718e3e9598933460a924a9ed53a5d360e554e46371e315362af72e24b247b5a1939539ce7157a3be60c809dc8490c09ebcd64068dc152581e9c72053e297a3071f21c73de8b0cea21bd12831f394180739c8a532fbd6443751c93a953f301b463b8ab664cd438ea26ac4b2cb552497ad39dcd55949aa8a2588f2d42f35324cd5790b56a9936257979a8cc99a88649a9e38c9a1b1a408093562343c52c70fb55948b15371d88f61c53769ab7e5d022ab8b219024669fe5d5811549e55697245f3b9a4f3eb3fcef7a512fbd5ba64a917fcecf7a4f33dea9f9b4096a5d32948bde67bd4664a8449417a5c85730f24544e690bd309a390571af518a90d37347285c78a901a881a707a9701f31d6e8600d3573fc4c4d5f3cfd6a86925534d80f7db9ab61d9f3d89ea6bcfa9bb3ba9ec89318c7734a15b393d3dcd09c0e3a9ea4d2f4ea6b3b1adc5c73ebe99a78e0544f3045aad2df2a0393d29d84d9a1bd46391cfad23de451f2c46476ac19751673f2827b542639e6e5db62fbf34c469de6b6133b48503bd66492dc5c0e3e456e7278a86592d2ddfb3c8067939c552b9d5420386cb761e94d26c5cc96e5cf2e2b7f99db247249a8526bad566fb369d1938e19c9c2afd4d5386dae752c348c6285b9048e5be95dce99a7243651a471ac312a8271dcf7fa9ae88507bb39a788576a3b90689a05a694e2663e7dd9eb330fbbfee8edf5eb5d0c6eae79c63a9acd370c4ecb68b2abd58d4d1f9af80ab9f5ae98d92b239db6ddd9c9fc438b7a3b2f200561eddab1bc1c43dadd464f2b2061f88ff00eb5763e2dd33ced267765f9d602473e873fd6b8bf04ac9f6db9528db1a204b63a107ff00ae6b78bf7d3f23197c125e64fe2e847f67c64039593b8f5ab3f0fede49ad24f2c80526e73df2b5a9e24b15b8f0eccb1a349704a32e0678f61f8d43e00b5b8d360bcfb5c6d1c72b23213d491907f98a552ce77414dfb967dcea0e9115e0077b5bcc3a8ce334bfd9b7f6699379b9338550325aa494073954791fb12714f8ae6f2cff0079308846a3197ebf85676352bbe937138596e32467918e958f7fa6c5134de42832e720e7a7ff005eba43a9dc5ea1063db175e98cd7297d33a6a53c89938933826b7a4aeac73d656d4d3d1e5731c76b330f300dd193c7e1f8d497c1b7862a54fdd20f6aa3a8dbfda2da0bcb562a48eddaaa9d6e790c70dde188382d8e6b9aa2ba699bc3449a2d38aaf20a95e415048e2b952362bc9503922a4924155a492b58a6430f30d4179670dea7cea048070e3a8ff1152071439157625791cc5e69b2db9394247661c8aa7865c83d2bb02e2a94d6d6efc98949fa54b56344ce6c12051e61031ef9fad6e3d940fc6c03e9559f490eff002b803dc5229317498cef694f61815aa326996d6ab146114938ea4f7ab71c278a977626c87cbcd31e1cf6ad04b63e94e36c7d29018d25bfb5577b63e95b925b7b5426dbda9a606425afb5598edb18e2af0b7c76a99211e9542b95a3b7f6a944356c44297caa4172a7974df2fdaaf7954795549d84cac919a93cbf6ab091549e4fb555c8b1c68734f0e6994e02bd0311e1e9fbea2a754d864a24a76fa8053ea5a43b92669b9a8f34d2e68b05c949a666a22e69bb8d3510e62c6fa50f55b71a5f30d1c81cc76f6122269f01270020abf195c0c9c5733617fb2ca1c8c851b483ed5a29a9c5280011c578d562d49af33d6a4d38a361e451c0a8249719acf3a9a20c0354ae7565c1f9b9fad66a2ca6cd29a567c80d835509519deff866b1a5d59c9c86e2aa4fa8b4878cfe754a0d90e491b92ea31439c638aceb9d61e4c853c5660f36e5c2a06663d80cd68da68e64399d8e01e5456b1a7dcca556c53124f72fb210c49f4ae8b45f0bacb01b991966957a47d40fafa9a91ece28a155b64f2c0f4eff005a7d85ecf62ec6204eee48f5ae885348e4a959b76e8594db32b465364c0e3e6ed5a7648f6d671a10d295246073de921b8d3f530a1888661dc9c568d9d85cc71916eeaea0f04d744f547352f88b36b7bb1007b40a83ae6af43a8db39022b624fa8159af6320f9ef2ed51473b738a8cead14388ed3f78dd0b1e7159a3a4d6d45229a0569a31b4120a91904118c7d2b226b38e48cc76f1ac4bdb601c7e54f92f336ce6e24278ce0715026af0a74ce338e4d6f4de872d55ef15e4b0b9f2d639248b6a9c9c2924d5b8a3b7b7806c0ab81f5a5bcd5a123e5c1cf4c56549a94673b9c003afb52726d0e292669c97b28188ced07f88d4093287f327dd211ebcd51b5d4619a0128fe2240cf3d2965bc57e0671516d4daf7d496f35e91c32c2be5a28e48ea6b0a6d463374f904194060ddaafbc7e60c0c006b16645f302e3718c150315a536d3b995449dae6858eade5dac900f9824876fe350c882e243211863e955ededbc9dca4f2c77103b55f85060d673d5b6690d121a65200c9e7150c971ef45f6638c49db383598d73ef5cce3666c9dd169e6f7a81e4cd4066a67999ada3125b2d87e29aef5107a0bd5f29371e5ea32734669b9a5ca09853a31934ccd4b176a4e05265a893a55c893a5558cf4ab9162b3711f313c69526de29a86a4e2a1c4699098c546631e9539a69229582e43e50f4a708d6832014c328aab05c79005031503dc0f5a44b81c52b016c20a788c5578e506acc6f9a4038454ff2e80f4fdf4c0e0714b4ff002cd1e59af46e7389452ec349834000a334734873480426929692980d34ca79a6552130a7014a05380a2e05ab2936650f46e454928032578ef5593230475148ef39e17041ef9c62b831145b97325b9dd42b24ad27b0c9ae9c0da09a8504b31e0313ed5761b35eaff337f2abb180380001edc54c68db714ebdde86747a64f26321547ab1abd6fa247906490b7a803156d0d4d19e69b8a467ced85e5bc7602d5e08d511d73c7723fad5bb10a2e47f758e453afadfed9a182065e162463fcfbd54d2a52f1a93f7a26fd2aac9c53ec637b49a7d4d4962f28943d33906991e619d772e467ad69debdb184ee3860b906b161be772488c3a0e9571d889ee8b5709697441c04651804714b65732591953ed0cd1101800791fe78acc9af079842aed24e6a3d3e5275294120e53183daada4d3222da95cdecc137ef1dde4f663d29e97f14236c3064fb56792a0f4fca9c2e5d388d147be2b248e8b9a2f712dc46f98b6820d66a1578c30c73d70734924b732759700f61c564476d2db96c4ede5b1e54d690764f432a8aed6a6cc935b460f98c338e40359d75756d223a60e0f1c1c551b8da80b1667e7a0aa458b9239ebc28ab577d08f99bda63acb198edd4ec56c649cd6a98d7605180477f5acad00aa4332f7c826b4c927a544959b368ec868408bcb67d3159b2dacbe7c8cab81bb3cd5f7490f23afbd51c5e1b97dac383deaa9ee455d10a430bd28473b339abb121c62ab4127daaf6152a15d54ab1f5ad34b76420114e71b3083ba296a36e64d1ae703e641bc7e15c67da0fad7a50b6f32d648c8386520fe35e5d28313b21eaa4a9fc2b09ab34ce8a7aa68b225cd4a8f54125153a483d6b582225a1743d1beab89053bccadb94cae4dbe8cd43e651e651ca3b9366a58cd560f4f492a5c47cc5f8dfa55b8e4159892d4c9354380d48d6490549e68acb173ef41b9f7a874cae6344ca0f7a8de602a8fda7dea192e73de97205cb725c7bd5779bdeab198fad4665aca5a1b42372c3cdef489355477348921acef72dd3b1ad14dd2af452e6b16293a55e8a60075aa4ae66f434fcda779b543ed03d68fb40f5aae526e6508bda97caf6ab7e5734a62e2baee63633fcbf6a0c756fcaa43153b88a662c530c7574c669be551702918b15194abe63a6f9145c0a0633408eae18a9a63aab8158474ed86a711d2f9745c0880a7a0a77974a12a5b192254ab518e2a406b2652244a9a33cd400d4b1f5ac996b73a0d34092c1d4f2371047e15976f6c6dae99083c920e6b43480d246e8b8ce73cd5abab71b0b3ae240320d14faaee65537bae83cc6b25a90e3385c1cd60c58385b727711c02315bd74ed15917500ee8cf5ae2a6bab9e36653b0c718ade925666752eec6c496d14387b995777f747355a33109f7409838c6ecf5aad668cf37efe40ec464ee3d2aea4500986d95464fe544a2c51691282c7ad489bbbe6a6f2a21ff2d97f0a5015c85562d9f4ac92361a0566cd1379ee39ebc0adf8ad5460b30aa97b35bdb4ec154331c126b5a7b99d4dae6743a63dc6015386e31527f622dace633b99c720819ab76da94ae58a20cf41ed53a7db2e0e3903f955b959e88cd2badc8b49104724cbb031000c01deaf3c72c9cac65476e292dec96d9da5df89187cd8ef568dc5c7f0153e99ace4eeee6f04d2b115be99248e1a67c0f414cd46d56ddf720ea338f5a7c935e7f105fc0553bdbe7b78e369149f9b1c0cd553767626a2bc4a11484cc2654dad9c903b5751085930d80430c8ac28621751b4c871804edad9d2497b38c1fbca769fe95b565a268ca8bd5a34be408df28e95e41ae4621d66f107412923f1e7fad7af488de59c0278af28f12a635fb8f72a7ff1d15c7516973b693d6c64d3d29315281554d8e6870a5c9a00a2bad3d0e6683268c9a4a298876f34be630a651401289985385c915052e293b0cb3f6a347daaaad37359b68a48b9f69cd279d9ef54b34f06b36d1715a96c1cd4b1c79aaf1638ab71b815cd3d4eba7a0e310c55778c03c55a79062abb9eb5924cd5b4c40f8a9526c5567245446422ba29c4e6a8687da3de8fb4d6599ce6a4ded5ba81cf73a778f9a429c5599146f3c77a4da3d2a508a7b29c23cf6ab1b47a53d547a555c45330f1d2905bd5e2a3d280a3078a9b819cf6f4c3162b4ca8e78a85d47a5171d8ce315466135a2547a534a8f4aab8ac50111a0c757768f4a6951e945c0a65293655a2a3d29bb47a52b8c808a404d4cf51e39a8634381a9633cd422a68bad65265c4d9d226f2e6299c6ee41ad6bd467b662e46d5f989e9597a528c49c7a56fdd2a9d2a6e07faa3fcaae2b666137ef491409f3b4a43d772715cd456af3216552769e70338ae9ed547f6343c7f07f5350e99f7e75ede69e3f015bc1d9b224ae91cdc31c335d08e7fdd36080d8eb568e92c9ca80e3a820d5cd6a245d40ed4519c1e053ecbd3deb492bd8cd3b15d2dd77edda47ae7b55d8e155fba40fad6bde449f66ddb173eb8ac522b91ab33a9138c779147ad50d45228ee9650c1d4a80540ce6ac6d1e952c1146d3aee453c7719ad29bb322a2ba21b6d4208f637d89c720161cd6e3cd691e4e40c76cd54bf554b63b142fd062b10b16fbc49fad6b2d4c62ec6dfdb74f79be60c7dc0ab96efa63e312b29f7e2b034f55671b941e7d2b6bc888c4498d3a7f74564f467441dd1a0f6b094dd1b861dab3b56b247d3cb15e5581fe9fd6ad698a376303a5685eaaff665c7ca3ee1ed4e3f1209af759ccd918adf00afcadc1c9ae834cb385cbb2e08639e0d7297df2a0dbc735d8e92a0342a00036f403dabaeafc271d393e645e7895236000c6315e3be31b7f27c4932ff00b087f4af6a95460f1dabc83c7807fc255371ff002cd3f95714d6877d37ef1cceca70a71a6d4c0d243852914829e2ba6273c88f149523d475a1214019a29e943d10d6a005041a94506b9e5266b14577e2a177a9a4aad2562e4cd1450a1e9e0d40b4f151765a45b8e4a94486ab254829daec77b22d799c75a6e6a1a7275ab5140a4c93666a378b8ab0b4af4d68c52d5144424c807bd5ff00b29f4a64007da0715d12449b17e45e9e95a73330b1ffd9, 'suii.jpg', 15983, 'image/jpeg', '2023-04-24 19:30:20');
INSERT INTO `img` (`cin`, `dataa`, `name`, `size`, `typee`, `create_time`) VALUES
('78996324', 0xffd8ffe000104a46494600010100000100010000ffdb0043000b090907090907090909090b0909090909090b090b0b0c0b0b0b0c0d100c110e0d0e0c121912251a1d251d191f1c292916253735361a2a323e2d2930193b2113ffdb0043010708080b090b150b0b152c1d191d2c2c2c2c2c2c2c2c2c2c2c2c2c2c2c2c2c2c2c2c2c2c2c2c2c2c2c2c2c2c2c2c2c2c2c2c2c2c2c2c2c2c2c2c2c2c2c2c2c2cffc000110800b9011803012200021101031101ffc4001b00000105010100000000000000000000000300010204050607ffc400441000020103030204040205070c030100000102030004110512213141061351611422718132b123427291a133345273c1d1f00724435362748292b2b3e1f1172535a2ffc4001a010002030101000000000000000000000001020003040506ffc4002b1100020202020103030305010000000000000102110321041231132241055171326181142391a1c1f0ffda000c03010002110311003f00f26a59c53fb53628907cd352a550142a9014c00cd4c54091c74a9814a9c5125112296da9e296050b210c5362898a58a04218a7c54c2d222a10162a2475a262a4884f4196270831d49e9509e482c323007855c7572071ec3ad15608867748e739e638f23ffe8838ada8340d55ca7f9bb191b1d48c2e79e6b465f0dea31c2af341862cc87ca3e60e990cd8e80f4ffdd679e74be4b16267371daab9023993771f2cdfa3cf7e1bf0ff001a2f96f192aeacac3a861cd6b47a1df9dafe511182bb8c80a8607aed079a3dce87a84367f191a34d6c8423b2f22363c95e39e323f7d087222dd592589a5662eda83af5ab413201f5e686e9d6b5941972ad06adccbd6aae39a841b14f8a7029f14028405485202a6054090c53628983488a0460b153029cad3e2a0a448a6238a9fad40d400334a9cd2a838dde9f069e91152c246954b14c451208548546a59a012429521cd4c2e6948440a7c54f6714c462a0add0d8a70290a200315054c8629115234c688e81915d1786ac449730dcba82b0e248c1e85fb75fe15cf11f91aeefc3d114b68140e4c31c99faa8e955669544b31c6e476b6900cc6f8e08e7a77cf3442a9f375039ef9fdf583378b346d20b473b4b34d1f0e96ea0847e3285dc8191d4e33fdd2b0f1568dab4cd0c115d472365c79a15430ef8da4d736717d2cdca5eea2e5ec481080320138f7ef55f4791247bbd3a427c8d4229a37c9fc322c64a1e78ea2a9eb7e26d374f58e136f3cf2ba173e5ba2aa0c950189079ac8d0bc436b75a95ac72c325b24ec628e624b46b2382103b28c804f19f7aaf163937d9780649a6ba94757d39b4dbc783831baf9b1300402a49071fe3bd65c8062bacf114171731dac890c8f3433792c9106918a4c0951f28ec57f8d724cc0f7aece295c4e6c9514265aa47835a328073545c60d5a2d1015214d8a71408c90a98a88a90e280963e29629e9aa0d646976a7c5222a048d40d4c8a81150618d2a54aa128583c53e3da8a169b6915576b0d10c7b540d188a1b0c53c59019a7c9a6350cf34e02c2d145014d1979a04260d31a54c4d015ab1c62a5902874f9a50a44f39a634852344648b1a7c466bdb6458e291c991a349d37c4eea8cca2443d47a8af468eda182feeed2dca7970048c246c3108618f2b703fab8201fed15e716539b5bdb0bbe716d7504cd8c64a238dc3078e466bd1dee2c61d634a8addd248af6c2ee50ebfe924f8979b7b9c0c921bb8ed58f3db35e1aa33b57d1b5d08458c9651dbee242436cf3cd267bcb2c8a4fd8002acf87bc3ad65767509c398f6f970432a052cec006770303e98f5f6ae86eb50b2b4894c8e4151f3738183c8c5679f1169913599bf9ae2dd253988b412188a03c6e7008e6b37672f61a3a24fb1cfebba32dededd32b794509da147cb8dbd3ec6a8da695a8e5166bacc614ee12463920e4188ae081f7ff00c6b5e6bda54b791fc24ceed217655f298232962480e78cfdbb55a86eede558d95d7190c390541ef55769c2a3f02f58bf716b5386396df4e85e511dcde24889b372ee6116e0415fa71d3a9af3cba651717417f0acf3003d06f3c576f26a7135f4f3bb28b5b2d3be2496424030b308d1003805c90a3f6bdabcf4b12493dc93fbce6ba3c7becdfc1932575484ed55a4e68c682d5aeca41e2954aa268260689035206860d481c5113a93c9a59351cfbd206a20550414a981a7a21188a111463d284d5024295234a80c8baab4cc315302a2f58131d813426ef446e941620d6a88a41aa38a9ed26a41455b6422828ea7b532a8a2aa52b61a1a91152db4b14080fa5214ec290a041e9f14d531506420318abc9aa6a112e94825fd1e9b3cb2daee19312cc155d33d761c74aa75a5a1d8c7a96a0d6726764b6578783821c2aec61f4241a475f23ab7a46e4fa9453d82dca40924ed2286491b70de327201ebd381ef5877babdd5eed8e5bc78e48f7c6536b22a67e52a547a0e3a506cae648c1b2b82a043743cd8dc8059a36e99c1efd7ebed5d9eaade1ff26daeef74f8276f2e358e69212e5942e0233a1e78e8483d2b3462b1cbf25eae6bc9c459db6a0ee9f04973348833bede3665520e3258702aec53bd9c9742f032cd1329648f1e5bee01874e335a126a9a65ca086da092da3388d96cc3c319cf0176c381cf7ce73591ab18619254886dfd1c60a7cd966cfbf7ed41aeee9a049282f6b053de4f3c6c1998099834880e0108731a903b0c923eb550b569dce89ab5ac22e1e13346915b4974f6c1a4368f3a6e54b845059470429e871d73c5518e3dfd307923d791dab6c524b46465735122af9b570338155a58ca75152c2915cd40e68beb51c514c0c1d3d3914874a7008d21488a6a80a240d4c1a1d4b9a80a244f143269c934326882844d2a8d2a831a19a8b35473502c2b0a8ec7645c9a862a4714e05685a1460b530b480a2ad1411d53a51d6326920ab51a51a215da1a118cd699418a04894dd48673022a156de3f6aaec98f5a0d04854aa3c0e49007a9381fbcd74fa4f83f55d460b6bc9de3b3b5b90d25b2cb2db25d4f129c79ab15c489843d8e0e7ae31f89545cb4897473f0c171733436f6f0c935c4edb2186252d248fe8aa39fad775a1785759d2254d535236b109637b7b6b78665b8925126d7690bc598c280063939cfdceae95a4e9160f25ae936f6babea4d1886486d24df0441b1bdf54d576fe1f58d1541c63636775751a9465b4ad35f36c4c1e546df05c5b06d9b5bc8193f202b85e7a7d28e6c4e38db6184ae68f26f15e8b28b97d42d63256521a754e4893805bef59f6fe26bc4b3b7d3ae151ededd8e5655397c12406f61d857a2dc2c52a3038380720fe59ae1f5db1b2605da0292ab6df363380c31fad8e0d62c796325d26699c1c5f6899adacc00ef86248986e6c212159c9ce48fcaa7609717f76b7b720b004322903961d0ede981daa95b59421c1650e0377391c7ad74164d87079258800019249380001cfd29a528c7f4952b9793baf0f24e979afcecdf248ba5db8dec4a2ac769bdf3ff003107ef58be4e89abbabc37ba35ddc6f31baeaaf268bad871c6c79a05f29fd8bc24fa9357756d4a4f0cf87a260fb356d51dd6d800acd0e36f9b360f0760c22f5e5bdab953e2f8ef1234d7fc3fa5ea4ea02fc47cd6d7657bfcf1e467ec2ba7c6c12963ed46693f73a36ee3c3777124cff07a8daa4486477bf8ede6b60a3a95bbb17638f73028f5c5731a9d84b6f1a3ba011cc3304c8c92412e3bc53445a36fb31adab4d53c111bc53dbd878a2c5e3c98a6b6d554b5bb1ed12bbe08fa8fb56b5b6a3e17bd3308eef4af367c99a3d5ad1f483725ff00d7c9645ac9dbd49873cd49f1dadd0d6cf332a412298ad7a15f783f4d93fce520d534d85c93e669cb1ebda663b346d6a56e547b18eb9bd57417d3a282ee1bfb2d46c272e8b7367b97cb9536968a789fe657e4100d52a2c9673c54d355964a19414420f14d8a2eda895a2022066a401a928a205a0000c879a032919abe54501d288b65414a88c98e94aa0e1b35134f4c3deb350e20334402a205105388c5814e38a6a54c885a8ce6af458e2b2e36c11576393a55880cbb818a1b2e79a65901ef440776000493c003a927d051215cc4eec91c71c8f248eb1c6912b3bbbb1c2aaaa82c49ed815a969e0cf155f30ffeb67b587abcd78046aa3d933bc9f6c0fa8aa66e6e2c258e48a28de48e4827cf9afb8185c4db36a63838da4839e7b75a2dfeaba96bb2b3ea37134a721e3b585fc9b48626fc2b0403e5c0e993927d6bab8be9d37b92ff0022f6f8474f69a3783342649afaf2c1ae62e5a6d46f219a68dbd6df4eb0321cfa664cfbe6ab6a5e29d21ae5ded7c3f657e5bcb325deb685eea724ec1fa35c84418f957b00381d07272a5bda47e6469f37e15dc00218f4e3daa9c892c92246252ac56346209ce180273fbeb57f49083dbbfc689675975e26d7357b636a82d74fd2b7f94b6ba6c5e4c52f9672e5db962a3a601009ed815d7f86a6179e1c7b14e5f4bbd398d0105ade62d22328ff0089bfe5af3e8153cb8e2407cb5531c20f0562539dc7dc9c9fbd58b5d6352d16ea3bab0917cd07cb92394130dc43d4a4aa08e09e411c8edef6f2784b271de38aa7e7f9193eaeceb2f6dee2377d99c739c74ac6bcb092e6365529cf50deb5d2db78d3c1b7888da9dacd6776c30e82196e54b727e492db923ea82a175e36f0369abba0b6b992561fa3582d2389df3fedccdbb1f6af1cfe99c88bf06b7c88d6d1c3db787b5bdccdf033243bb6f9d2af970727190cfd7ec0d74023d17c2b14779a8e6e75164df6964a424d26470d839291fab9193d87a54bff00f281afddbb45a658db69c580fd3499bbbd407b879408d73fb1f7ae698c923c92dd3c9713cac5e59676696591cfeb3bb1ce6ba9c7fa449bed95999e46fc15b59d52ff005abc96f6f1834e542aac60ac36d0afe182143d14738e79c924927273e3f33921067fa4793fc6b5cdac6c0e13664679cf3f5aa135bb46dce47b8e86bb52c6e0924b455544177e72cdcf7f4ab0b197e147ee14050c4e00ad3b628898fd6fce8476c20ad64d674f93cdd3ee6ead64fe95acaf167f6829c1fb835ac35ad4351b8b76d616da59a08a5885c7911c7713aca63e2e1900560bb7e5e3f58d64cd70fbb01b03a55492e19a63f31e30a0f4fc23b53c71c3b5b42c9d1a3a8e9eb6a5258583d9cece206ce5919402627f71c107b8fa56632d5f8668e44688c8ea6518183942ff00abb90f1d78cf5e6aa377e39e87dbdab93cec0b0cee3e196465d8162a040a21a8573d308801535c50f34e1b06881852286c3ad10364531c5410aacb4a8ac052a83a60454829a3c71668be4e074a4ea359540a7cd15908ed406c8342804a98f14c0d313448117834657c5570d530d453096565c724f03927d2b5ed6331c2b23e3ce986501eb1447a11fed37e5f5ac5815d8c9204de9000e41190e559494c7ae0e7ff0075a8d70cef1339daaedba2900fd1cca7b03d3edd47a1ea3b9f4ee3a7fde97f02b60e689c1620fcea772e7d41c8cfb7ad4325a5b46400055c2f1c90a398c9f423f88ab93c8a5094e1e31bb1dc81c11f5acb96512095a2e1d7fce23c1e3721dc719e7079aebe47407458d4dc17b68d48621033607ebbf017eb433133df4e883f470b6c73db70014e4d548ee0cd710c8dd9918e7b90735722b98d15dbabcaef2b907f59988155c1a94bb02ecd32cb1a9e3190a3e5e9c7a55376dedc7af5393cfa71ce684266977b93b625fc72310157db3d3354e69dae0948414839567e43483b85cf6ff1ed574f220d863348eef15920793812487f938ff69ba1fa74fad1e0b3101699d84d76c47e9a505922278caa9e49f4a9591091e1102c31825a4380831d4e5bafbd41e692ed8885fca80120cd8c3b83d7ca07f3ff00069d3dcf6fec0262450cd6d6a0bc84969a563bb69f576e99ab0a8a8b8cee3d4b7726829f0f0c621806c8ff00d238c9924fa9a76953036f403a0ab132208cdea69e2b7b9bd674b7b696728accfe5a12aa1464e5ba67d0673ed557cccb28c3316215554659998e0281ea4f03eb5e85613cfa5699a6da5d5ac71cb1c6eaf1dbdb8bae03658cace08de49c3e38eddeb367cce0bdaad851e72f06d24a82304865390548ec41e6845dd0f6e3d6ba3f155c6fbf86616c914725ba2acf19052e8a924b95e70c3382327b1f61ce9649081bb69f50338fb5242a69490add15a693a9ff0019aaa0f39a9dd298dbf948e40790d1b679f423a8355f26ab9ca9d0aa3db6184843641ab6d217f9cb3316e4963924fb9acdf980faf357d10f910ca19591cb2f079475e4a30ec7b8f5fb7197952ef8a9fc6c68c7ab1c9a8134e6a06b8e9160c4d2cd35239a8d90986a96ea10eb53152c0c91a55124d2a2034208fa71565a20074a500e9565972334e906ccc912a8cdc66b4e6c7359931eb55c90c806ea6cfbd31a1934b14461c1a22092478e3891a4964748e28d016792472155140e724e00aaa1abb1f09d80822b8f10cff2983ceb5d2148c16bb2a164ba19ed1038538fc4c3fd59ab618a53928c7cb205b9b5874e92d34ed9b93484dba94a98226bdbb40f34ac5467cb040894e3a460fbd654a2e966b8813128918b9824db898105b72e72b9fee383f29c6ddeed2e9756be72c86236f2ed380c99c8071c9c7bd625c4af3382ce566560519814208c1da1b18fa7a11efcfad8e258b1a82f811e8a4f23c65957cc18186827dcae83a7c85b247ef22a93483f948ce3e6e9d36b11d48ad69e586ea3559c6255f51b581f553d47b8cfefac2986d66c1e41eb8c6e5ec7158334e50dfc12834270e31d012c3e8451d23184677db17577fe8a03c91efe9ef8aa914803027a6081f7ae9bc38748f8a33ea377690a59c5be04bbb517714aecaea5bc93c332f1b57d5b3d10826391471f612b6695cf83f5193469351916486f2c5d25bbd1de2d86cf4d91498ee06092cdc1673fb43831915cec088fbddcaadb4237cae78057380063d6bd027f15690ab1476f79a94d2436705a28b58dd5218cb03328ba94c2ec981d5b07214800021f88d4ae349bcbd29a659fc26950f9416dd5f7acf708811e42c7b7a7fe6978d972efd48f9f1ffbec315d9ae2ff006e54c564b831c7f87cdc7467c76f41ff00b3190edf9508e382074ab867465c638e70abe9d324fa5509e68d780577761b87e55b1a6b6fc81b179fb0601e4f5a2465cf24706a9423cd7ce738f4ed577798c8048c9e80fa7d28c76ac099a1612416da86993cf9f2a2ba89dc95e073804fd3afdabbe8af2ce663a75e45f1137c42c62588b9b8481e170915be3032cc415cf04b1cf22bcd8c81c7dba0ef464d575181234122ba458f245cc49334454e414671b863a8e6b27230fa9b432746c78ae19f4eb792c6f25596e86a6cd132a04dd084cefd83a704023d7d7a9e4237656dc3208356ae27babc95a7b995e699babc8727d702abed00f3fc28e2c6e0b657276ec0dd9461bc01bb383c7273eb8aaab44b9247183d739c633411c0158f2ceb296c368b31342ac16e119e06ebb080ebee84f19ad31a6ac711b9b5ba59ed5f8ddb482187223997aabff47920faf38ac9471f858654f1c76fa55db56b9b47596093e47f9183731ba9eb1cabd306b5c14722a6ac46dc444544ad587420b0dbb7bedce7683c819a0b570249c5b4cb56c1e2a04516988aa9841018a5b80a26da13ae0e6a107dd934a90a546c06d42f8c55869411d6b3e36a29638eb572159199bad6749c939ab72371554f3554d8e8aec284c2ac32d0cab12aaaacccc42aaa8259989c0000ee7b52c5d05a0fa669f36a374b6e876a2e1e793b471ee0a48e3a9ce07b9aef2e81fd0c6912c16d6d125bdb429bbcb8614e8abbb9c9e4b13c92493c9ae8fc176563a16966d2f2d6337378e26bf98059016e4244ca47e14070304f249ef46d63c32658fe2b449d1d304fc1cd26626ee7e1e66c907d9b8f715d5fa772f8f07bfd5f7238b87ea470f70508c0c820609424123dfb560dca49b8909b87a8930df72369fe357efe59ede696de78668278ce2486742922fd4771ee323deb167b93c8cf3ea0f5aeb65cd1ad311ec8cd202b8fd32ba0f9559cb601f66edf4acf2dbbd88a3e67948030ea0e7730c01f7e299e0763905727af5c571b36652f0c88021cf1dfb7d7d2ad5b390d82ca8bfacce78503a9c0e6aa32b23156ea0d3839fad1e3e770d01ab3695adee70b3492476ea788d301a4c7eb4adfd9561dacd14796001d140f4ac10c4743f6a279ae4f27ed5d78e5556fc83c17e5986d60a70581c7b1c715dd6bd2e9961a1f876f6cc689612eaba34570d68341b6b9f8d9b6a1941b8746d839c01f9751e6a5d89007ae2bafb39a7f1369f63653269f0c1e10d3aeae84b7170f1c97918c1f2429caf61938edd46eac5c87ddc5bf16457f275315be957b6bfe495f558639a1bdb0bcd2a43264389088d6060ea41dcac303afe23eb5cedd69d6da7f843569af20b77d4cf8b65d361b931af9f1a5aaed7557ebb4ec6e3a73fbb02ffc47aaea56ba558931c76da64865b010a013c4ec777122fcdeff0061e95a5aaeb7abeb7a16970c9657cd6da7cd34f7ba9ca24996eaee518667912258d700e00c93c8c9ee6b4a5194629ebf3fb819871cc460e7ad119c303cd5ab3f0d789afb4e9754b6d3eea4b7f3628add12195e6b9f303132428a325171f3374c900679db420b1d6ae6ddeeadac2f66b64ddbe686de478c6d196c328c71df1d2b43e4c3ee14989a5545fcaabf9a4b60b6d5cf2d82703d481cd4d2c3539ada4bd4b69dad10485a7db88f11e379527aedc8ce338cd062da371da598f4cfe11ee6a473f6751038d79213f2c156469705b18ddb40f6ddcff0a18e82af246a6446ee14b1cfaf4a341a36a578edf050acaa64db8f3634d848cfcde611c573b2351cafb32c8d24668ad0d321d4aeeee1b4d3d0cb713b6d11e329b7bb499e028ea49add83c117a8be7eab7b6b67688c3cc6570c4af5203be23fa727e95b36fadf86f4589ed7c3f0191f004d7922163238e846ec3311d4670a3b03425cd8e15688e2e6e922b78bf4e874c9b40b68943795a1da5bcd70a081713c0ceacdb7b11c7db1e95c9b57737ec9aef86a4b91b9aef4c91eeb73306774ced941c13d4107fe1ae158e4d73a39bd5b90f2874d0e2a5500d53cd30840d41b15335035020fa52a54a96c85f43522dc1a6da4541891574676419b9a195ab96763a86a2f247636cf3797fcab82a91479ed248e4283ed9cfb569af85b572b992e34f89b190af2cac7ee5531fc6b3e5c915e59642127e11ceec66654556676e155412c7e805749a05858d94a97b7ce0dd2e7c88b69296ffedb11d5bd38e3f2bf1f87e6b7b2deb2c71055cdc490aef9a766f94ed91b8007a62b22747b49d57cc6911d4157640922f620853b6b34f2392a897c71f47da477497d6eea3cb704670704631f6a4dac8b225a29b671f327043fb153c5727a6c9234b24009c0cc84f6e38c512f2e2350500563ce4b1ce3deb9494a13d33549c651d97358d5f4cd4adca5e404c8b931b2056284ff00ab2c438fb31ae3e05d23e36de2b856113be1a4918b08d47232a38e7a542ee6557210e49fc24939c776aaa18f5fcebbd82791476ce5cd46f4106dc70303f541ec3a8a89ce69c734f8ab7b81229dca728dd88c7dc557c1eb5a7247be375ee471f51d2b387039f5ab71fb991a3a2f0f69965aab5c453586a3713436d75791ad8dc2426e52dc2b3c4bbe193e600f1eb9c75ead1e9da5eaba8bd9e966eeca59238d6d2cf525f3ddee3e62f199a255c28c02094cf5f4e69e8faf5fe86bab0b33b64d46c9ac5a55674960567572f0b21043718cff00754f4d9ece7b996e6fee7538ee84b6863bd8dfce8e15332a4d2dd960652021380a793c77ad3ea49ba8dd8946f43a57826cadafb569a4d53528348bb834fbab49152d12f2ea7561ba3643bd5176bb7524e0038cd6f697e1cd29fc556f65069ea348d4f447bf586f556e0c5b5c44cf134dba419edf367e6ebc0c737a96b7a55e5bf88ac040f6da55c6a53dee93f02142bccbb63596649f12b02aa7d31bcf4c60ebdb78e6d2d756d1f558749bf6b4b3d04e889149345b9996457132c8139ce30dfe052759b54ec85c9759bdd2bc09e17d4ec5a05d4ed6eee74a8aee68219a6b7b5f36e0158bcc52a3708d01e3a0abfe18b7d4ad753d234dd63539dae752d2ae664d161e2c6d2ca46f30b5d2642191c97c284e3072dd05706daacf36813e84d6482dfe39aeed6e669e459a22646708e02ec3c3303d3ae7b73b2be349edee6c7569a1d1a5d5ecadbe17e2825cbcf751052a2364497ca5f52c003d860120dbe8e47176aafefa0164799ffc717b134d221b0f132db990336e8d16454f94e7381bb8ab7e24beb1f0f6a9a74b089a5bab2d14da787ace28c8b4b6f38bc4d77249bb938ce1554e7032477e35fc557e74fd6f4e582c059eb17b25fcd008253f0d3bb2b6eb676909182a08073fc686de24d7e6b48acdf50bb10430b5ba05119648986d645976f9a148e08ddd38e9c557e8f67e426a5f35bea1e13d3ee9ad1e2bdd26eed74385d4b6d991a27b973b081f5618ead9ce1b030639e551b5ad570073b1769cfad4df50d6af52d606d4a6b98ed1716d05c4ad84180b8457e338007d07b5185cdde156e6c1dbbe547e40ff007d74b8d0505b75fec560d042790c43ed036ede0f7249cd5882e2eed4b35b4f2c4ccb863136d24545cc2047b5361652c372e1f68ecd50c9240032490001dc9ec2b9fcf496519782222d4355bc73773dd5c43030def34aef8dc32106e3c671daba689628638e18551138006dc0fbd65db1280429ebb9ca9c82e401dbd2b56285d994672a7a823a7d0d79ae4c9ce55f08e9618a8c4e8ad0920388632af0341284451e644ca50870b8cf06bcb8800b0078566504fa03815e8726a71e9d6b316277aa1da3038ffc9e82bcf09c924f52493f53cd68e3a7b28cbb637353078a8f34b06b6a330ecd50cd220d3628b20c695234a96886aed2c511159e4738444059d8fa2a8e7f856b45a0dac091dc6b5388d4953f070b7e9003d04d229cfd429fbd0e1d427b2b7f26ca286396424dc5cb33199c72028c0e001d067f3ac8bab8b9936f992bb95ced39c60e739ae7c27296a2cd29e382b96d9dc41772b34165a7c70595a04730a8d88c4820ef54ebcf738ef587a8eb1369d7ad0cb89e10ac6400fe92290820e0b0ce3be08ef4de1ab9b2496d25b954fd13bd9dd17e5a6f3bccb882425b9c021d5867fa357ef34ef0fea57736a06f10c48d134f11c2829130c8c9ec40c1aae58fa64bc9b46b8cdce3703a09afad4e9b6f2022313dadbcfb5c6dd8af1876dc3d857137734779e5ba2e154be1ba6e52c4fe55adadca976d2471cd693bc88ed881d76b4680330c938c6381d2b9217b90c7805c9d8a3a20357e28adb29cf269a46ad9cf0a890e4aceb13490ca09e0a0c9475e841c5664b70cc0e338e01e7f11f7a182ff0036070c36e73d8f5c0a8329f4e05591c4aeccf2c8daa00431258f24f534b145db4d8ad6ca2c4b52e2a19a59a52c4132073e959921deee40ea4e2b40e76b7ecb7e555d278630bb2152fdde425bee056be3c14aed8195bcb6ead903b668ef2c6a1107cc89b4ec1c2b3e3f13e3ad06596495cb31c9fdc3ed4c8b92335ae12516e18d79f96235615653e679ceab23f1b44801418e9f2f4c0ec3a54a49eea662d2cf2b1f77381ec074c545931c823150fa56cf4d4553153b188c9c9249f734d803b548f14ddb3eb596518de8b10b3562284ce4790d871cb293f30f707bd57a705948652411c8238228a7d7c91ecb41ef623e5988120f5c303f5ca914780eb1704c5696b24aea406f221798aeee9b89dc05174cb8b4bb9fe1f54baf87b71148fe7ac41e56651f2c6bc8193ea7d2ba28b59d2ec2d22b4b2f345bc6cc4ae72f3b3f57909ee7bff663033f2b9cf0c6b136d96e2c1ea3dba466d9f863c55773db7c4c2f6b14927e92eaf1818e34033fc9444c84fa00bd7d3a8f41d2bc23e0264f87945ededf0077497724f6ce4e319862898201e80e4fb9acbd2bc46ba8dc4b688836dbdbc52bb0e37460e2629eca4a81ec335bb34d6f6f3595bbe05c5d42d2d9ccc015b79849b23cb67bb60119ef9ef5c8c9c9c93dccba582296998973a25ae937b716eb19913024b7328077444fcad9e9ec7e94d7da869b6c8c161457d878e1463b2815d07882f6d25f0fc3acc8aab3dbb451aa93f317998a3c23e8c33f6af23bbbc96e5cb3b67249c672173dab3fa572fd85f535b0fa86a12de36d246c07271df1d2a905cd32f614551cd6c8c7aaa4557644a7b536ca3915023ad3a118165a191447343278a6629039a551634aa221b2d20c55494e73466e955e4ae67196c9321960aeaa701800c3b1039e715720bbd1515166d0de591701ca5edd2a391fadb41cf3f5aa7daa49fdb5be5052f2059650f06948da24b10167a4cb6730909dcf70f3279781f2e1d8b67f75056de2ce44680faed14f17f65595e86ad8c124532cae722a4898c1a0902ae4dd2aa375a56b65c9e80b0e6a0dda8a7a9fad41ff00be810093494e58526a8a7e2fb50087154ae62314b2c7dd18ad5f1fdd55af3f9ccffb5fd82ba3c5829424dfedff0049f24606b161e5bc6c18f01cb77fcaa46ccac8a2470b19cb339192a8392768fdc3ea3d6aa1e9f7ad397a5cff00b827fdd8ab6e04a7e57804b45260086936948b3b63539cb7dff3a6084024e7801dcfa03d07d4d1e6fe42cbf6a4fcd6949f82f3facb6fc9ab44d6ff000222b6d3c3377fc23d7de99c608078c015666fc717f56b4197f946fa0fcab3ca2944b17944001c6734c47a74e453ff00e291fc27f68fe555cd7b42472323238abb63a75eea123ad8437170e89be54817732a93804e481d7dea89e95dd7f936fe75acff005769ff0054958b364e91bab1e0bb4a83e97a32786f1a96ad346da9792cb6f671b068e03302a7cf2bc3311dba0f73f86baddc31cb6ece247f22712af96ecc649f7a9558413c0040f6ab1e2efe78ff00b51fe42b160fe71a6ff5f17fd42b88e6e76d9b1ae94913d7759d46f1a5d35ca25959dfdd4b1c28012662ee19de4c649e4803803f8d610ab5a8ff00fa1a9ffbedd7fdd6aaabd4d6d82314bc874e79a3a0a147fd95613fbead60130a11a33f7fbd0291792302fdea07a1a249d3f7d0bd7e944881914aa66950251fffd9, 'OIP.jpg', 9364, 'image/jpeg', '2023-04-25 15:51:51');

-- --------------------------------------------------------

--
-- Table structure for table `offre`
--

DROP TABLE IF EXISTS `offre`;
CREATE TABLE IF NOT EXISTS `offre` (
  `code_offre` int NOT NULL AUTO_INCREMENT,
  `titre` varchar(40) NOT NULL,
  `descr` varchar(200) CHARACTER SET utf8mb4 COLLATE utf8mb4_0900_ai_ci NOT NULL,
  `diplome` int NOT NULL,
  `nb_exp` int NOT NULL,
  `sal` int NOT NULL,
  `dins` date NOT NULL DEFAULT (curdate()),
  PRIMARY KEY (`code_offre`),
  KEY `diplome` (`diplome`)
) ENGINE=InnoDB AUTO_INCREMENT=75 DEFAULT CHARSET=utf8mb4 COLLATE=utf8mb4_0900_ai_ci;

--
-- Dumping data for table `offre`
--

INSERT INTO `offre` (`code_offre`, `titre`, `descr`, `diplome`, `nb_exp`, `sal`, `dins`) VALUES
(46, 'aaeazeaeae', 'eaeae', 3, 2, 22, '2023-03-29'),
(53, 'clerk', 'clerk', 4, 5, 5, '2023-03-30'),
(62, 'pizzarollo', 'cooking pizza', 13, 10, 2000, '2023-04-09'),
(63, 'benin', 'clerk ml benin', 4, 2, 2000, '2023-04-17'),
(72, 'wiwou', 'wiwouuuuu', 1, 5, 2000, '2023-04-26'),
(73, 'teacher', 'math teacher', 1, 5, 5000, '2023-04-30'),
(74, 'abcd', 'abcd abcd', 1, 5, 5000, '2023-04-30');

-- --------------------------------------------------------

--
-- Table structure for table `skills`
--

DROP TABLE IF EXISTS `skills`;
CREATE TABLE IF NOT EXISTS `skills` (
  `id` int NOT NULL AUTO_INCREMENT,
  `skill` varchar(100) NOT NULL,
  PRIMARY KEY (`id`)
) ENGINE=InnoDB AUTO_INCREMENT=28 DEFAULT CHARSET=utf8mb3;

--
-- Dumping data for table `skills`
--

INSERT INTO `skills` (`id`, `skill`) VALUES
(1, 'Communication'),
(2, 'Critical thinking'),
(3, 'Time management'),
(4, 'Problem-solving'),
(5, 'Leadership'),
(6, 'Adaptability'),
(7, 'Creativity'),
(8, 'Teamwork'),
(9, 'Attention to detail'),
(10, 'Decision making'),
(11, 'Interpersonal skills'),
(12, 'Active listening'),
(13, 'Project management'),
(14, 'Public speaking'),
(15, 'Financial analysis'),
(16, 'Strategic planning'),
(17, 'Graphic design'),
(18, 'Video production'),
(19, 'Web development'),
(20, 'Writing/editing'),
(21, 'Content creation'),
(22, 'Foreign language fluency'),
(23, 'Digital strategy'),
(24, 'Risk management'),
(25, 'Supply chain management'),
(26, 'Emotional intelligence'),
(27, 'Coding/programming');

-- --------------------------------------------------------

--
-- Table structure for table `university`
--

DROP TABLE IF EXISTS `university`;
CREATE TABLE IF NOT EXISTS `university` (
  `id` int NOT NULL AUTO_INCREMENT,
  `university` varchar(50) NOT NULL,
  PRIMARY KEY (`id`)
) ENGINE=InnoDB AUTO_INCREMENT=41 DEFAULT CHARSET=utf8mb3;

--
-- Dumping data for table `university`
--

INSERT INTO `university` (`id`, `university`) VALUES
(1, 'National School of Engineering of Tunis'),
(2, 'Higher Institute of Technological Studies of Kairo'),
(3, 'National School of Computer Sciences of Manouba'),
(4, 'Higher Institute of Applied Sciences and Technolog'),
(5, 'National Institute of Applied Sciences and Technol'),
(6, 'National School of Architecture and Urbanism of Tu'),
(7, 'Higher Institute of Management of Tunis'),
(8, 'Higher Institute of Fine Arts of Sousse'),
(9, 'National School of Agronomy of Tunis'),
(10, 'Higher Institute of Fine Arts of Tunis'),
(11, 'Stanford University'),
(12, 'Harvard University'),
(13, 'University of Oxford'),
(14, 'University of Pennsylvania'),
(15, 'New York University (NYU)'),
(16, 'University of Zurich'),
(17, 'University of Texas at Austin'),
(18, 'Carnegie Mellon University'),
(19, 'University of Tokyo'),
(20, 'University of Manchester');

--
-- Constraints for dumped tables
--

--
-- Constraints for table `comp_dem`
--
ALTER TABLE `comp_dem`
  ADD CONSTRAINT `comp_dem_ibfk_1` FOREIGN KEY (`cin`) REFERENCES `cv` (`cin`),
  ADD CONSTRAINT `comp_dem_ibfk_2` FOREIGN KEY (`code_comp`) REFERENCES `skills` (`id`);

--
-- Constraints for table `comp_offre`
--
ALTER TABLE `comp_offre`
  ADD CONSTRAINT `comp_offre_ibfk_1` FOREIGN KEY (`code_offre_emp`) REFERENCES `offre` (`code_offre`),
  ADD CONSTRAINT `comp_offre_ibfk_2` FOREIGN KEY (`code_comp`) REFERENCES `skills` (`id`);

--
-- Constraints for table `cv`
--
ALTER TABLE `cv`
  ADD CONSTRAINT `cv_ibfk_1` FOREIGN KEY (`universite`) REFERENCES `university` (`id`);

--
-- Constraints for table `diplome_dem`
--
ALTER TABLE `diplome_dem`
  ADD CONSTRAINT `diplome_dem_ibfk_1` FOREIGN KEY (`cin`) REFERENCES `cv` (`cin`),
  ADD CONSTRAINT `diplome_dem_ibfk_2` FOREIGN KEY (`code_dip`) REFERENCES `diplome` (`id`);

--
-- Constraints for table `employeur_offre`
--
ALTER TABLE `employeur_offre`
  ADD CONSTRAINT `employeur_offre_ibfk_1` FOREIGN KEY (`code_reg_comm`) REFERENCES `employeur` (`coderegistre`),
  ADD CONSTRAINT `employeur_offre_ibfk_2` FOREIGN KEY (`code_offre_emp`) REFERENCES `offre` (`code_offre`);

--
-- Constraints for table `img`
--
ALTER TABLE `img`
  ADD CONSTRAINT `img_ibfk_1` FOREIGN KEY (`cin`) REFERENCES `cv` (`cin`);

--
-- Constraints for table `offre`
--
ALTER TABLE `offre`
  ADD CONSTRAINT `offre_ibfk_1` FOREIGN KEY (`diplome`) REFERENCES `diplome` (`id`);
COMMIT;

/*!40101 SET CHARACTER_SET_CLIENT=@OLD_CHARACTER_SET_CLIENT */;
/*!40101 SET CHARACTER_SET_RESULTS=@OLD_CHARACTER_SET_RESULTS */;
/*!40101 SET COLLATION_CONNECTION=@OLD_COLLATION_CONNECTION */;
